"Name","playerid","PA","SB","CS","ParkNormalizedOBPAgainst","ParkNormalizedSLGAgainst","IPperGS","GBPerc"
"Neftali Feliz",18,218,3,1,0.307445431287206,0.416409504198575,5,0.379
"Xavier Cedeno",36,174,1,0,0.308962029587364,0.392078798563611,5,0.474
"Bartolo Colon",375,791,8,7,0.318416401505545,0.479549776118723,5.82424242424242,0.432
"CC Sabathia",404,768,3,0,0.323025195661779,0.3899361461768,5.97333333333333,0.501
"Fernando Rodney",494,283,6,4,0.348327433570901,0.337306063642774,5,0.552
"Jason Grilli",521,251,1,0,0.317480941936217,0.417555941022451,5,0.296
"Ryan Vogelsong",1011,366,6,2,0.359518689154318,0.496810448223323,6.57857142857143,0.405
"Jake Peavy",1051,520,3,3,0.324689962929791,0.538821945630755,6.1047619047619,0.364
"Marco Estrada",1118,723,12,1,0.315323691798505,0.432149844179688,6.06896551724138,0.335
"Jerome Williams",1137,81,0,0,0.371088816546789,0.542105793887503,5,0.375
"Tommy Hunter",1157,139,4,0,0.335908666760546,0.417461198482469,5,0.495
"R.A. Dickey",1245,728,2,1,0.339154804813224,0.46229480163629,5.86896551724138,0.421
"Matt Bush",1246,243,1,0,0.289748714538673,0.375993460834265,5,0.424
"Adam Ottavino",1247,107,2,0,0.253558928706922,0.248501894086883,5,0.619
"Colby Lewis",1259,472,2,5,0.321224755594054,0.498553601330141,6.11052631578947,0.341
"Blake Wood",1345,330,8,1,0.331574381635104,0.392585640067364,5,0.531
"Andrew Bailey",1368,190,2,1,0.327534703675451,0.450682581478048,5,0.4
"Joaquin Benoit",1437,204,2,2,0.335338353023484,0.384075071303382,5,0.392
"John Lackey",1507,748,15,5,0.309737907077291,0.410679274289927,6.48620689655172,0.41
"Oliver Perez",1514,182,2,0,0.354029009875139,0.41709591623148,5,0.39
"Sean Doolittle",1581,155,0,1,0.269373587546912,0.456817257405781,5,0.295
"Francisco Rodriguez",1642,235,2,1,0.309509962147191,0.398389699162285,5,0.547
"Javier Lopez",1663,118,0,0,0.369691917617861,0.375759258891387,5,0.619
"Chris Capuano",1701,106,0,1,0.342441799942665,0.438304667792184,5,0.444
"Matt Belisle",1837,186,1,2,0.300443917246032,0.410842277805694,5,0.472
"Edwin Jackson",1841,373,4,1,0.36126619842492,0.506854199782351,7,0.402
"Ryan Madson",1852,270,8,1,0.326914698374782,0.405307170798943,5,0.464
"Matt Moore",1890,838,4,4,0.325373968513093,0.424771262387449,6.0030303030303,0.382
"Matt Thornton",1918,77,3,0,0.363505349734009,0.474125222605172,5,0.541
"Zack Greinke",1943,667,3,4,0.301891435370125,0.434841781169678,6.08461538461538,0.459
"Ivan Nova",1994,684,10,2,0.30605445849597,0.451242696130132,6.46153846153846,0.536
"Clayton Kershaw",2036,544,1,1,0.241514804215005,0.340397258413799,7,0.494
"Chien-Ming Wang",2074,231,2,2,0.353294977107126,0.463032194875907,5,0.494
"Alfredo Simon",2155,298,4,2,0.380656658945941,0.476046924057669,5.65454545454546,0.495
"Chad Qualls",2170,152,3,0,0.311374963242136,0.446955854996701,5,0.55
"Adam Wainwright",2233,847,5,4,0.33058425494385,0.453285114482774,6.00606060606061,0.438
"Blaine Boyer",2237,282,3,2,0.349821830192455,0.456537903825321,5,0.489
"Joel Peralta",2332,119,2,1,0.30936199437213,0.519154237241367,5,0.221
"Hector Rondon",2391,200,5,0,0.266781273328317,0.366480082522613,5,0.457
"Cory Rasmus",2413,114,4,2,0.389523286096382,0.524957065863437,5,0.304
"Corey Kluber",2429,860,4,7,0.286807389397813,0.387579861381348,6.71875,0.445
"Eric Surkamp",2540,197,3,2,0.400055194085323,0.530341311554459,5,0.324
"Jhoulys Chacin",2608,632,5,1,0.342806729050322,0.43450286231036,7,0.484
"Brett Cecil",2660,157,6,0,0.296498564200341,0.378955187550151,5,0.42
"Joba Chamberlain",2692,82,1,2,0.341571050668068,0.401010609576205,5,0.529
"Rick Porcello",2717,890,7,3,0.284710692420873,0.414355591594695,6.75757575757576,0.431
"Ross Detwiler",2859,220,1,0,0.362795469096287,0.49347339839347,7,0.431
"Santiago Casilla",2873,241,4,1,0.3034926346196,0.387140997962205,5,0.476
"Luis Avilan",2882,82,2,1,0.321037268368134,0.261366370968373,5,0.513
"Zach McAllister",2895,233,8,0,0.332425644443753,0.438616080621635,7,0.355
"Jeff Locke",2929,564,9,3,0.349805938657437,0.49374255729028,7,0.472
"Kenley Jansen",3096,251,4,1,0.228245587907412,0.349709996042157,5,0.3
"Tony Watson",3132,272,5,0,0.305550884308835,0.419100436354163,5,0.438
"Max Scherzer",3137,902,8,3,0.268748801621365,0.398240698081757,6.70882352941176,0.33
"David Price",3184,951,1,2,0.291774312973302,0.414503759852591,6.57142857142857,0.437
"Will Harris",3192,255,11,1,0.280207895279895,0.330807251904881,5,0.58
"Chris Young",3196,406,12,2,0.33216805850904,0.489985096845207,7,0.313
"Ervin Santana",3200,748,5,1,0.316178809799689,0.424466783395617,6.03666666666667,0.426
"Francisco Liriano",3201,731,11,1,0.339778683577114,0.402036278900132,5.68965517241379,0.52
"T.J. McFarland",3237,112,0,1,0.377650062479585,0.486577526038123,5,0.602
"Zach Britton",3240,254,1,0,0.252631928644418,0.253363321230734,5,0.8
"Jeff Samardzija",3254,829,13,6,0.309527356046382,0.450479173381574,6.346875,0.465
"Joe Smith",3281,217,1,4,0.350379741458588,0.401036440890154,5,0.503
"Anibal Sanchez",3284,668,22,9,0.32742127644532,0.45569142936816,6.23461538461538,0.396
"Chris Hatcher",3299,181,4,0,0.339769432711871,0.451603224374097,5,0.443
"Darren O'Day",3321,131,1,0,0.306247010352335,0.40980337347456,5,0.342
"Matt Garza",3340,461,3,1,0.335491286459891,0.438250517417945,5.32631578947368,0.548
"Cesar Ramos",3357,212,4,1,0.358813867222279,0.534474910393698,7,0.433
"Ubaldo Jimenez",3374,638,26,4,0.344276580636951,0.423473053862125,5.844,0.49
"Jumbo Diaz",3397,182,5,1,0.324878298322149,0.398158219213781,5,0.467
"Danny Duffy",3542,731,1,3,0.294409056857782,0.436754844244561,7,0.364
"Clay Buchholz",3543,588,3,4,0.331134685443851,0.442851507485031,7,0.412
"Liam Hendriks",3548,275,10,1,0.291454819178842,0.414393245078536,5,0.401
"Clayton Richard",3551,306,9,1,0.357862536597874,0.385555305865013,7,0.651
"Tony Barnette",3555,246,3,1,0.324618435873967,0.399737995420528,5,0.463
"Jim Johnson",3656,266,3,0,0.30711732358899,0.362460956443405,5,0.55
"Mat Latos",3815,309,12,3,0.351099809038672,0.476781603212838,6.25,0.429
"Ricky Nolasco",3830,817,8,5,0.314682680315216,0.471221309269325,6.1625,0.431
"Zach Duke",3840,258,2,0,0.324083146281529,0.327099368566515,5,0.588
"Brett Oberholtzer",3855,321,2,3,0.34569007734584,0.491434026075394,7,0.423
"Gavin Floyd",3886,124,3,0,0.300615926885738,0.417287304342214,5,0.422
"Enrique Burgos",3895,178,5,0,0.343464737581915,0.424818700089076,5,0.415
"Casey Fien",3926,169,1,1,0.308076462282279,0.496243757679106,5,0.339
"Edinson Volquez",3990,853,16,6,0.342317617172524,0.434340583372715,5.56176470588235,0.512
"Enny Romero",4001,204,1,0,0.349243461623126,0.412415436695787,5,0.373
"Yusmeiro Petit",4020,265,3,0,0.30180822488788,0.459767273488531,5,0.415
"Hector Santiago",4026,785,9,7,0.341966000485072,0.503215923268653,5.51515151515152,0.341
"Steve Johnson",4053,75,1,0,0.348037736961321,0.407587394076953,5,0.298
"Brian Duensing",4064,55,0,0,0.334567015468514,0.520360895425944,5,0.238
"Pedro Strop",4070,187,0,0,0.278134945792948,0.302544525878956,5,0.585
"Junichi Tazawa",4079,208,5,1,0.285982996099781,0.401918943957877,5,0.399
"Luke Gregerson",4090,230,7,1,0.277264239159376,0.361605010265161,5,0.6
"Carlos Villanueva",4138,321,4,3,0.317889141072154,0.508644219916513,5,0.421
"Derek Holland",4141,461,3,3,0.341636731827655,0.481156035519219,5.455,0.383
"Jake Arrieta",4153,795,23,3,0.311549756845117,0.356868970594384,6.35806451612903,0.526
"Jered Weaver",4235,767,20,8,0.35060959570334,0.5504797936196,5.74193548387097,0.288
"David Hernandez",4259,322,5,1,0.333856552368026,0.412364849479404,5,0.373
"Mark Melancon",4264,270,2,0,0.276577735664078,0.34709236408893,5,0.542
"Matt Albers",4300,237,3,2,0.353812090540569,0.51299531438056,5,0.486
"Justin Wilson",4301,251,5,1,0.290365776979391,0.368203712252669,5,0.549
"Tyler Chatwood",4338,669,4,6,0.325262988893382,0.384256148977315,5.85185185185185,0.572
"Craig Breslow",4363,63,0,2,0.368255780008803,0.508173421994173,5,0.294
"Jeremy Hellickson",4371,772,10,3,0.31560790672093,0.445941128826081,5.90625,0.407
"Jon Niese",4424,546,2,2,0.342024348932807,0.468782151742617,6.5,0.511
"Jordan Zimmermann",4505,450,6,3,0.323861257182017,0.503759780491339,5.89444444444444,0.431
"Jason Hammel",4538,692,15,2,0.322417941263989,0.44453226046627,5.54,0.421
"Chris Smith",4544,100,1,1,0.313780304957661,0.340333970028008,5,0.456
"Brandon McCarthy",4662,171,6,2,0.373902768553185,0.411160487928247,5,0.347
"Charlie Morton",4676,71,1,1,0.320641963251409,0.302914871490662,5,0.628
"Pat Neshek",4682,185,1,1,0.287497859306652,0.434516233264501,5,0.333
"Nate Jones",4696,274,2,2,0.273938381515039,0.357212814082292,5,0.459
"Matt Cain",4732,397,7,5,0.346605211777742,0.484529513877065,5.47647058823529,0.373
"Jonathan Broxton",4759,259,6,1,0.323801894075161,0.375684432615637,5,0.48
"Felix Hernandez",4772,655,16,4,0.349113458384536,0.418726199844313,6.124,0.502
"Matt Shoemaker",4776,668,12,4,0.310723321194273,0.456062238013049,5.92592592592593,0.398
"Rich Hill",4806,439,7,3,0.295921936488349,0.345198662891154,5.505,0.453
"Joe Blanton",4849,315,9,1,0.312881754361284,0.422794668700089,5,0.325
"Mike Montgomery",4869,414,2,2,0.335794026837535,0.370611070531735,7,0.584
"Brandon Maurer",4878,300,3,1,0.319327262003771,0.464629673525856,5,0.378
"Peter Moylan",4891,191,0,0,0.323325627892047,0.366471853176345,5,0.615
"Scott Kazmir",4897,590,8,3,0.331015886608191,0.422013217424247,5.23461538461538,0.408
"Joseph Colon",4920,50,0,0,0.362441861426624,0.491493775718027,5,0.333
"Jon Lester",4930,796,28,13,0.29281947420572,0.36943324118665,6.31875,0.469
"Fernando Salas",4971,293,4,2,0.301015486758755,0.466898572039362,5,0.392
"Cole Hamels",4972,848,23,5,0.318253482723203,0.386469350487135,6.25625,0.496
"Fernando Abad",4994,198,3,0,0.335559372084438,0.404512370776387,5,0.432
"Jake Diekman",5003,221,0,0,0.323455677480109,0.365251499784214,5,0.481
"Bo Schultz",5028,68,0,0,0.304087302101485,0.435703264951155,5,0.545
"Josh Fields",5070,158,2,0,0.306098600317894,0.466633931053294,5,0.359
"Jeurys Familia",5114,321,8,0,0.308923263892048,0.319334553203344,5,0.633
"Mike Pelfrey",5203,541,8,2,0.371886973042433,0.466867055430622,5.5,0.522
"Wade LeBlanc",5221,252,0,2,0.296094562193958,0.502394920971045,7,0.34
"Blake Parker",5224,79,2,2,0.358280511645309,0.420218388233862,5,0.481
"Chris Tillman",5279,715,0,4,0.337213865541504,0.457489137732055,5.73333333333333,0.412
"Jose Alvarez",5358,256,2,2,0.324852650072869,0.422498732661936,5,0.435
"Michael Pineda",5372,756,16,8,0.300736697747961,0.419195811774762,5.475,0.458
"Brad Peacock",5401,127,2,1,0.308165707523082,0.447103913190404,7,0.412
"Pedro Baez",5420,295,4,3,0.288791799775464,0.377719729691499,5,0.426
"Jesse Chavez",5448,282,3,2,0.30774029501664,0.421552693580138,5,0.429
"Arodys Vizcaino",5498,182,2,0,0.338564638871691,0.331164748436239,5,0.538
"Dana Eveland",5508,119,9,0,0.414956499699824,0.479262013267796,5,0.474
"Madison Bumgarner",5524,912,6,5,0.283961688037952,0.407347031872004,6.65294117647059,0.396
"Boone Logan",5525,187,1,0,0.285403288418324,0.348367907530534,5,0.495
"Phil Coke",5535,45,0,0,0.436638661668868,0.558380957178544,5,0.394
"Tyler Clippard",5640,262,2,4,0.306410097790573,0.399418499557385,5,0.31
"Junior Guerra",5702,492,5,3,0.322411297729532,0.428061399776977,6.06,0.453
"Tim Lincecum",5705,200,6,2,0.393310272300511,0.544833680922356,5,0.407
"Eric O'Flaherty",5746,136,1,0,0.34796423326231,0.467733621466281,5,0.54
"Bruce Rondon",5766,144,3,2,0.293699506602684,0.362597363549836,5,0.321
"Jhan Marinez",5830,269,4,2,0.343658128251286,0.410436122776282,5,0.503
"Jason Motte",5861,109,5,1,0.30941326741176,0.49704629697335,5,0.427
"Danny Salazar",5867,584,4,5,0.310416455051277,0.380651836722552,5.484,0.478
"Gonzalez Germen",5876,182,1,2,0.361248184768791,0.457595034417198,5,0.397
"Jonathan Papelbon",5975,152,2,0,0.334240212813512,0.47225110575315,5,0.352
"Randall Delgado",5985,337,2,1,0.343200956606188,0.460754356965747,5,0.412
"Kelvin Herrera",6033,283,0,1,0.265819075140423,0.365246855003953,5,0.442
"Albert Suarez",6175,355,0,1,0.337535147067791,0.514395428700761,7,0.479
"Dellin Betances",6216,299,21,0,0.260883382960836,0.279009144704513,5,0.539
"Trevor Cahill",6249,284,11,1,0.342115667794543,0.326565086209255,5,0.566
"Scott Feldman",6283,338,8,2,0.319859228075752,0.434215960337015,7,0.498
"David Phelps",6316,352,4,0,0.300157621534456,0.331588655268039,7,0.462
"John Danks",6329,100,1,0,0.363440380014376,0.556408650240176,5.525,0.301
"Chris Archer",6345,850,13,5,0.294778363303155,0.392200522698967,6.09393939393939,0.478
"Jake Odorizzi",6397,773,5,6,0.311852337835015,0.463235206487501,5.67272727272727,0.366
"Trevor May",6398,187,4,1,0.303748480376087,0.436853390647133,5,0.315
"Vance Worley",6435,365,2,1,0.344456199576059,0.435188015762137,7,0.481
"Kevin Jepsen",6475,224,2,1,0.359580467762932,0.543875178989315,5,0.311
"Steve Cishek",6483,258,4,2,0.295352952732774,0.372868047505389,5,0.439
"Blaine Hardy",6499,112,1,0,0.343809021078878,0.433608565228412,5,0.481
"Alex Cobb",6562,104,1,1,0.331541118919252,0.493915730238718,5,0.525
"Tom Koehler",6570,774,9,8,0.35110742297899,0.445150215890419,5.33939393939394,0.422
"Marc Rzepczynski",6612,215,3,1,0.355854345026477,0.350899374496296,5,0.674
"Brad Brach",6627,311,3,1,0.2842487850347,0.361270025873501,5,0.415
"Carlos Carrasco",6632,599,4,4,0.287193213184372,0.422001720177192,5.844,0.485
"Jim Henderson",6653,155,4,0,0.32595577884556,0.472399286139512,5,0.255
"Craig Kimbrel",6655,220,2,0,0.305558208123082,0.319354697874761,5,0.294
"Alex Colome",6661,226,0,1,0.280009223405853,0.326014860205584,5,0.471
"Miguel Socolovich",6697,64,4,0,0.251874823106648,0.352008916619012,5,0.535
"Tyler Sturdevant",6780,75,0,1,0.353023694623462,0.431587242319092,5,0.365
"Andrew Miller",6785,275,1,0,0.197789179486426,0.272841060250486,5,0.543
"Julio Teheran",6797,758,17,3,0.300736027821444,0.442034819118649,6.26666666666667,0.391
"Robbie Ross Jr.",6819,238,0,1,0.342639996401954,0.360219334066721,5,0.49
"Jeff Manship",6865,189,0,1,0.333391087112375,0.435652018597691,5,0.511
"Johnny Cueto",6893,881,4,7,0.298183909853792,0.401648061313252,6.85,0.502
"Chase Anderson",6895,647,7,8,0.336992460564691,0.493242782005266,5.07333333333333,0.361
"Martin Perez",6902,855,8,3,0.350897016259202,0.447507580580855,6.00606060606061,0.532
"Eddie Gamboa",6911,54,0,0,0.354870971150205,0.351254657091942,5,0.471
"Joakim Soria",6941,293,2,2,0.319165533799223,0.40878972830159,5,0.5
"Luke Hochevar",6943,151,3,2,0.293237250984188,0.444926799746537,5,0.361
"Drew Storen",6983,228,5,1,0.326635396558025,0.438413594924861,5,0.487
"Luis Garcia",6984,76,1,0,0.354628452425444,0.453896464607775,5,0.547
"Ian Kennedy",6986,818,6,10,0.320235703060783,0.444987321421052,5.91515151515152,0.332
"Ryan Pressly",7005,328,3,0,0.323767201796567,0.438252567521215,5,0.394
"Miguel Gonzalez",7024,566,10,1,0.329134146436778,0.457167466605073,5.91304347826087,0.401
"James Shields",7059,822,18,3,0.35663056626434,0.497186423313453,5.49090909090909,0.404
"Daniel Hudson",7146,268,3,2,0.335783438245937,0.420764359072297,5,0.409
"Chris Withrow",7161,158,8,0,0.339677215459339,0.377473033006119,5,0.454
"Brad Ziegler",7293,289,1,0,0.327873177081116,0.352582254981501,5,0.633
"Josh Collmenter",7312,173,2,1,0.333109672919664,0.417939860038805,7,0.453
"Dan Otero",7385,269,1,0,0.270237000674927,0.346238834072664,5,0.623
"Dillon Gee",7396,551,3,4,0.329978892348803,0.437730221677074,7,0.41
"J.A. Happ",7410,796,7,1,0.321555284865179,0.416757174442446,6.09375,0.425
"Austin Adams",7411,88,1,0,0.341403598072094,0.577766138455088,5,0.406
"Mark Lowe",7416,224,0,3,0.333787376142479,0.533598997370927,5,0.366
"Wade Davis",7441,176,3,1,0.310202151850435,0.326780815734484,5,0.486
"Gio Gonzalez",7448,765,11,4,0.321979423567123,0.415235786636774,5.534375,0.476
"Phil Hughes",7450,259,1,0,0.336462569486436,0.515453243886578,5.45454545454545,0.354
"Anthony Swarzak",7466,124,2,0,0.270573333508132,0.428771585944474,5,0.464
"Ryan Webb",7474,76,2,1,0.337245537378294,0.426507787447372,5,0.484
"Tommy Layne",7501,187,1,5,0.34030542803588,0.367783976117714,5,0.508
"Evan Scribner",7525,49,1,0,0.280855924469532,0.506054883216413,5,0.3
"Collin McHugh",7531,796,4,3,0.316464356840765,0.43993251423237,5.58181818181818,0.413
"Lucas Harrell",7541,208,7,2,0.371685378377105,0.439149274427922,5.22222222222222,0.443
"Jake McGee",7550,205,2,2,0.327356994073542,0.458551490107978,5,0.401
"Nick Vincent",7555,247,1,0,0.287588071224073,0.415177018599491,5,0.319
"Fernando Rodriguez",7558,163,0,1,0.33182125000663,0.428670538556952,5,0.358
"Jordan Lyles",7593,273,6,0,0.362483719428654,0.433726229074558,7,0.515
"Tommy Milone",7608,311,7,2,0.335260303502117,0.458145870440967,6.34166666666667,0.457
"Carlos Torres",7624,339,5,2,0.320769215104362,0.408688510723174,5,0.446
"Wilfredo Boscan",7655,67,0,0,0.34750552655396,0.489942349292734,5,0.431
"Neil Ramirez",7677,107,3,3,0.364614993764154,0.503471876317393,5,0.266
"Juan Nicasio",7731,513,4,4,0.31628135664914,0.421664203003229,7,0.435
"Wily Peralta",7738,554,11,10,0.339050441609574,0.447534380487038,5.5304347826087,0.5
"Mike Fiers",7754,724,5,7,0.329449431730479,0.469126624266309,5.64,0.422
"Shawn Kelley",7773,224,1,0,0.236869721089812,0.413673257833064,5,0.364
"Richard Bleier",7803,92,2,0,0.326999325990142,0.444861163685739,5,0.541
"Hunter Strickland",7836,250,7,2,0.312929558077975,0.37708506968222,5,0.473
"Jerry Blevins",7841,178,3,0,0.293891147945905,0.346862388862214,5,0.458
"Andrew Albers",7853,85,0,2,0.329512014917346,0.519782235913661,7,0.476
"Christian Friedrich",7942,567,1,1,0.341191919175924,0.462107851696665,5.65652173913043,0.449
"Cory Gearrin",7947,197,9,0,0.296424638144433,0.391418083754672,5,0.562
"Frank Herrmann",7960,69,0,0,0.331179342553969,0.537444978762746,5,0.271
"Paul Clemens",8037,314,5,1,0.352922509069037,0.506802609282799,5.36428571428571,0.398
"Jason Vargas",8044,47,1,1,0.282773482471039,0.442925761697402,5,0.364
"Will Smith",8048,167,2,0,0.32100242194053,0.400312870422977,5,0.354
"Dan Jennings",8073,259,1,1,0.358906538755775,0.401287048882647,5,0.539
"Bryan Shaw",8110,275,5,1,0.307788800933449,0.348549161572942,5,0.537
"Jaime Garcia",8137,741,14,6,0.316217198707923,0.406774256634334,5.77333333333333,0.567
"Yovani Gallardo",8173,526,5,6,0.355967995562243,0.460935806619781,5.1304347826087,0.432
"Kevin Siegrist",8180,248,6,0,0.304890653402941,0.397126113941565,5,0.34
"Steven Wright",8185,656,8,4,0.323617491407768,0.39821529319534,6.50833333333333,0.437
"Brett Anderson",8223,62,1,1,0.383085475914175,0.520080256435155,5,0.5
"David Robertson",8241,267,7,0,0.31752935781715,0.369241374757067,5,0.455
"J.P. Howell",8245,220,2,4,0.324771928414473,0.379270697344723,5,0.591
"Huston Street",8258,105,2,0,0.384194724179285,0.541601307230787,5,0.359
"Ross Ohlendorf",8268,290,5,2,0.342847055315736,0.429370350696699,5,0.324
"Tony Sipp",8280,195,2,1,0.330996943522859,0.490727383520303,5,0.36
"JC Ramirez",8302,335,6,4,0.315810301980287,0.391824842251883,5,0.549
"A.J. Ramos",8350,278,4,1,0.354038619859874,0.38240560620329,5,0.364
"Homer Bailey",8362,111,5,1,0.336299130028974,0.355129742070352,5,0.452
"Steve Geltz",8402,112,2,1,0.325053169505949,0.529202242187417,5,0.215
"Deolis Guerra",8410,220,1,0,0.314042793775064,0.46027527493536,5,0.422
"Buddy Boshers",8490,152,5,0,0.285209668508791,0.405996542010537,5,0.467
"John Lamb",8493,318,10,3,0.347871403320742,0.45638237200305,5,0.421
"Danny Farquhar",8501,158,2,0,0.326560619148343,0.392011369161175,5,0.385
"Justin Miller",8580,194,5,0,0.339139664551472,0.488547318733135,5,0.349
"Dustin McGowan",8600,279,6,2,0.329099223590185,0.382459622363143,5,0.544
"Justin Verlander",8700,903,5,6,0.284004213018298,0.415969954411912,6.68235294117647,0.337
"Tanner Roark",8753,855,16,7,0.326126444806862,0.373713896176003,6.39393939393939,0.487
"Wade Miley",8779,711,3,5,0.330229705384504,0.447802637900545,5.53333333333333,0.473
"Andrew Cashner",8782,588,12,5,0.352414270395297,0.490834311973622,5,0.465
"Oliver Drake",8823,74,0,0,0.281139748488158,0.396154464514221,5,0.488
"Antonio Bastardo",8844,297,12,1,0.336280136465553,0.444582612607402,5,0.304
"Arquimedes Caminero",8992,280,4,2,0.370402691275917,0.474522804968025,5,0.434
"Adam Warren",9029,277,4,3,0.334588500838723,0.420266531510998,5,0.438
"Jeanmar Gomez",9033,297,1,0,0.34070527825145,0.428801113426322,5,0.52
"J.J. Hoover",9037,97,0,0,0.382321118830157,0.561129003168015,5,0.328
"John Axford",9059,289,4,0,0.337709098913413,0.377452688017517,5,0.542
"Kirby Yates",9073,184,7,2,0.331101806617261,0.364100602329011,5,0.436
"Zach Putnam",9080,114,3,1,0.329164436341543,0.358575597046087,5,0.403
"Brad Hand",9111,364,11,2,0.295237543853769,0.35878747546729,5,0.467
"Nathan Eovaldi",9132,525,1,4,0.318000498380584,0.445848389441334,6.05714285714286,0.496
"Sean O'Sullivan",9137,98,6,0,0.357130009225852,0.467024194288088,5.525,0.365
"Casey Kelly",9174,102,2,0,0.373770499226312,0.579137949665421,5,0.452
"Kyle Lobstein",9178,110,0,0,0.378207995210561,0.453845677047681,5,0.5
"Koji Uehara",9227,184,1,0,0.257998340590956,0.394863979055097,5,0.214
"Alex Wilson",9239,297,1,0,0.326845058874514,0.478126017332095,5,0.444
"Rob Scahill",9286,147,2,0,0.323682928121838,0.366609631852099,5,0.636
"Patrick Corbin",9323,701,2,4,0.337350668926081,0.428308167566336,6.96666666666667,0.538
"Jared Hughes",9325,257,7,2,0.352311430971983,0.460467745700701,5,0.579
"Brandon Morrow",9346,68,1,0,0.336623459443809,0.452364412715876,5,0.444
"Josh Tomlin",9388,725,3,1,0.294850460356555,0.472259984534928,6.03448275862069,0.438
"Kris Medlen",9417,119,0,1,0.402572584981681,0.488588592725058,5,0.469
"Doug Fister",9425,779,3,3,0.344967371777989,0.464892865219036,5.628125,0.453
"Dallas Keuchel",9434,701,2,2,0.308842256625844,0.403184937428051,6.46153846153846,0.567
"Ryan Buchter",9456,247,2,2,0.318856126747494,0.417620747357357,5,0.206
"Dan Straily",9460,792,12,7,0.333659619527994,0.461323759403681,6.26129032258064,0.32
"George Kontos",9486,216,7,0,0.345358495381642,0.414660340844911,5,0.443
"Jeremy Jeffress",9490,241,0,2,0.333884833476243,0.356637924495167,5,0.603
"Bud Norris",9492,495,12,1,0.339533227894336,0.422340697515732,6.78947368421053,0.476
"Michael Blazek",9654,201,2,4,0.376580983882009,0.492590681022939,5,0.406
"Vidal Nuno",9674,247,2,2,0.314983206005006,0.472123934676363,5,0.361
"Louis Coleman",9720,211,1,1,0.36026869019226,0.464882220518722,5,0.348
"Joe Kelly",9761,188,0,0,0.347212379796786,0.414752159932534,7,0.469
"Garrett Richards",9784,148,4,1,0.342672602262885,0.43704568997289,5.7,0.458
"Sergio Romo",9817,117,2,3,0.27034724623082,0.410838001067382,5,0.382
"Chaz Roe",9866,124,4,0,0.299099246949653,0.407960186379414,5,0.577
"Travis Wood",9884,252,2,1,0.335714995830063,0.486988793606789,5,0.374
"Chris Rusin",9895,350,7,2,0.30179553777249,0.383988511886405,7,0.584
"A.J. Morris",9919,47,0,0,0.385570378095677,0.486151247749681,5,0.4
"Brandon Kintzler",9939,224,0,0,0.302021195611066,0.3898262481854,5,0.619
"Mike Dunn",9948,176,1,4,0.330952454454258,0.441595460570253,5,0.279
"Tom Wilhelmsen",9975,209,2,2,0.355440029288926,0.510390229848169,5,0.51
"Keyvius Sampson",10039,188,4,1,0.362281561462539,0.419781317368643,7,0.383
"Ian Krol",10066,217,6,2,0.299236866962012,0.352516576113998,5,0.56
"Caleb Cotham",10075,117,3,0,0.370498493773828,0.463578307281545,5,0.438
"Kyle Gibson",10123,653,11,2,0.344546685800519,0.440105550017594,5.884,0.488
"Mike Leake",10130,757,16,4,0.310544004010281,0.433260064614459,5.87333333333333,0.537
"Stephen Strasburg",10131,598,3,3,0.281046615094353,0.3807789094061,6.13333333333333,0.395
"Brad Boxberger",10133,114,4,0,0.38544911610806,0.356349491339505,5,0.479
"Ryan Weber",10160,157,2,1,0.316651849576846,0.482133269584487,7,0.508
"Jose Ramirez",10171,143,9,1,0.369662353455163,0.480758150311387,5,0.333
"Jacob Turner",10185,122,4,0,0.395180446980756,0.517525505487899,7,0.512
"Tyler Skaggs",10190,219,11,0,0.346799239629511,0.434709899907604,5,0.43
"Shelby Miller",10197,460,8,5,0.355844280870325,0.489086080212588,5.05,0.419
"Aroldis Chapman",10233,222,3,1,0.254021120139568,0.287465997447037,5,0.46
"Bryan Morris",10234,74,2,1,0.363225130016218,0.381718908055911,5,0.5
"Alexi Ogando",10261,148,6,1,0.383320909188174,0.442802500917817,5,0.391
"Josh Smoker",10285,65,1,0,0.271904432746452,0.332815499775961,5,0.294
"Ryan Tepera",10291,85,0,0,0.338372345408306,0.323132479781767,5,0.585
"Jarred Cosart",10304,268,1,0,0.388975230238828,0.387113704021136,5,0.609
"Erasmo Ramirez",10314,378,7,1,0.319583616491369,0.427731914279356,5,0.525
"Michael Tonkin",10315,315,13,1,0.319309761242735,0.453532404090012,5,0.341
"Edwin Escobar",10337,116,0,0,0.392424842455762,0.531960170074668,7,0.366
"Juan Minaya",10341,47,2,1,0.405432337312198,0.542428671681371,5,0.235
"Aaron Loup",10343,62,0,1,0.346546678924554,0.458606035798188,5,0.4
"Robbie Erlin",10354,58,1,0,0.288631931865371,0.488909184655319,7,0.429
"Brooks Pounders",10387,58,0,2,0.292938081501747,0.495364734000239,5,0.333
"Mychal Givens",10430,313,7,4,0.325999246922015,0.361856564370339,5,0.353
"Shawn Tolleson",10481,168,1,3,0.324625574126312,0.432696453694149,5,0.52
"Hunter Cervenka",10510,182,9,3,0.354882362718796,0.393936979859336,5,0.467
"Dean Kiekhefer",10529,98,0,0,0.346836651245425,0.460232110656721,5,0.473
"Jimmy Nelson",10547,807,30,7,0.35855068194871,0.421811055500319,5.596875,0.494
"Addison Reed",10586,304,0,1,0.270897495006651,0.384343070826485,5,0.395
"Chad Bettis",10587,814,8,4,0.317686445880806,0.411505256011577,5.8125,0.512
"Scott Alexander",10591,84,0,0,0.312080812001861,0.373613549921498,5,0.683
"Chris Sale",10603,907,5,2,0.293825604475409,0.405919300004271,7,0.412
"Adam Liberatore",10637,176,4,1,0.325796924970862,0.416865129368295,5,0.389
"Tyler Thornburg",10688,263,1,1,0.28878600456799,0.379020981361885,5,0.324
"Drew Hutchison",10732,104,1,2,0.330735081391281,0.466912155574107,7,0.347
"Trevor Rosenthal",10745,197,2,0,0.362088335933919,0.338845958463252,5,0.523
"Shane Greene",10756,256,4,3,0.329744683928106,0.391327513320657,7,0.476
"Tyler Cravy",10770,116,1,1,0.354846252235826,0.493122107900414,7,0.244
"Josh Edgin",10796,45,0,0,0.352916176183911,0.373924401549024,5,0.429
"Mike Foltynewicz",10811,525,2,3,0.316354802650943,0.444417878511894,5.59545454545454,0.412
"Michael Mariot",10835,95,2,1,0.355299862209844,0.454227495833374,5,0.31
"Chasen Shreve",10855,142,1,1,0.316693614105921,0.442090023102194,5,0.449
"Christian Bergman",10925,119,0,0,0.313937823126197,0.510813461397461,5,0.371
"Josh Smith",10946,260,8,2,0.332637236081881,0.430445283852312,7,0.418
"Jacob deGrom",10954,604,5,4,0.306092048394899,0.404103700095601,6.16666666666667,0.456
"Tim Adleman",10968,287,4,1,0.335856162465619,0.492767217683014,5.32307692307692,0.364
"Ryan O'Rourke",10976,101,1,0,0.311138093513328,0.358370669655906,5,0.453
"Chase Whitley",10982,61,3,0,0.279890627620686,0.385196327537725,5,0.419
"A.J. Griffin",11132,509,4,5,0.337605364579406,0.500156711113549,5.17391304347826,0.291
"Mike Bolsinger",11137,122,5,1,0.348535666099995,0.477122576646466,5,0.337
"Vince Velasquez",11189,551,2,4,0.310267897196344,0.418934277149784,5.45833333333333,0.348
"Grant Dayton",11203,101,0,1,0.244099275065797,0.315115111198364,5,0.264
"Zach Neal",11294,281,4,0,0.300314835033729,0.471717142078234,7,0.53
"Tyler Lyons",11334,187,2,0,0.299229854444939,0.435006874899236,5,0.4
"Pat Dean",11350,300,1,1,0.332517968130231,0.485656698037211,7,0.444
"Tyrell Jenkins",11378,237,3,1,0.385388750750415,0.495688861206491,7,0.482
"Tommy Kahnle",11384,119,0,0,0.371841868567115,0.37904755253141,5,0.486
"A.J. Achter",11387,160,1,1,0.358034300208842,0.506296058287571,5,0.451
"Danny Barnes",11388,58,0,1,0.323823459100716,0.464364867315678,5,0.385
"Alex Wimmers",11394,72,0,0,0.348514498201187,0.421091229505955,5,0.545
"Jose Quintana",11423,837,6,3,0.308734571996625,0.444310646321055,6.5,0.404
"Anthony Ranaudo",11424,151,0,0,0.376945841731206,0.522176386651919,7,0.402
"Drew Pomeranz",11426,703,6,8,0.298874047349375,0.380150884297896,5.70666666666667,0.462
"A.J. Schugel",11432,204,2,1,0.309961008221387,0.416602030673517,5,0.424
"Johnny Barbato",11440,57,1,1,0.335827111832896,0.352622212059701,5,0.457
"Sammy Solis",11457,172,0,1,0.335061665576044,0.377422515419555,5,0.42
"A.J. Cole",11467,168,2,1,0.306236388784247,0.463257400531344,5,0.319
"Bryan Mitchell",11479,107,1,2,0.374644236626008,0.46693321076344,5,0.482
"Robbie Ray",11486,776,10,3,0.311712912503638,0.392565141433865,5.440625,0.457
"Aaron Sanchez",11490,790,12,2,0.31778051375369,0.378692676041999,6.4,0.544
"Brandon Cunniff",11509,74,0,2,0.377406882866267,0.530338653205626,5,0.222
"Josh Osich",11528,160,4,0,0.347570072169529,0.398075405384783,5,0.645
"Jose Fernandez",11530,737,2,6,0.288544917012625,0.362348034528904,6.27931034482759,0.402
"Jose Dominguez",11571,155,6,1,0.378531906600875,0.440984787276231,5,0.478
"Jose Urena",11589,373,1,0,0.348145141449576,0.484458415959476,7,0.477
"Williams Perez",11592,233,1,0,0.329048424819047,0.44090207545298,5,0.571
"Heath Hembree",11632,223,6,1,0.315662333416281,0.440386356683668,5,0.363
"Jameson Taillon",11674,418,8,2,0.294568988592303,0.428272767444181,5.77777777777778,0.524
"Carlos Martinez",11682,809,12,3,0.319575076755458,0.363255761331629,6.29354838709677,0.564
"Sam Dyson",11710,285,5,2,0.318486715487157,0.351300370818135,5,0.652
"Erik Goeddel",11712,157,1,1,0.344675038231036,0.518721192303512,5,0.283
"Matt Harvey",11713,402,7,3,0.333900239865134,0.475914890724799,5.42352941176471,0.408
"Justin Grimm",11720,225,4,5,0.318677261290792,0.39269047711763,5,0.415
"Luke Jackson",11752,62,1,1,0.427250737076663,0.610950674672966,5,0.314
"Kyle Ryan",11753,226,4,2,0.328127017780578,0.436339161410947,5,0.561
"Justin Nicolino",11754,346,8,2,0.349784567067021,0.496013873388626,6.46923076923077,0.466
"Drew Smyly",11760,738,14,4,0.305479819593768,0.464254326221702,5.83666666666667,0.313
"Noah Syndergaard",11762,744,48,9,0.28356078959902,0.369788099810467,6.14,0.512
"Hansel Robles",11801,331,8,3,0.344160066736749,0.4609823349912,5,0.301
"Hector Neris",11804,328,6,0,0.300644234594023,0.358738027697951,5,0.419
"James Paxton",11828,511,3,1,0.305457397009806,0.436973045260157,6.05,0.481
"Taijuan Walker",11836,573,16,1,0.313683229570283,0.449698731399823,5.364,0.441
"Yordano Ventura",11855,816,4,4,0.338809098731241,0.423387514589375,5.8125,0.502
"Michael Feliz",11903,270,5,1,0.27385359916321,0.336661629779482,5,0.421
"Matt Andriese",12022,527,16,1,0.29985511798365,0.451071004286375,7,0.429
"Brian Flynn",12027,221,0,0,0.323509808194658,0.371573985262535,5,0.548
"Kyle Hendricks",12049,745,13,4,0.296610614575303,0.381040640987583,6.36666666666667,0.484
"Felipe Rivero",12076,327,1,2,0.321495355417097,0.367669924293157,5,0.482
"David Goforth",12166,55,3,0,0.323997790592264,0.511093828363912,5,0.548
"Cody Martin",12182,107,0,2,0.35446026932503,0.474942582446266,7,0.475
"Cody Allen",12183,264,2,3,0.282344414725504,0.349998614665115,5,0.456
"Keith Hessler",12220,103,0,0,0.394747355312348,0.555486030866241,5,0.387
"Seth Maness",12235,134,1,1,0.329774982448959,0.46778043530783,5,0.574
"Nefi Ogando",12253,65,2,1,0.364848074700966,0.355324899695828,5,0.612
"Colton Murray",12264,142,2,0,0.354425869649419,0.474435585902134,5,0.366
"Leonel Campos",12277,98,1,0,0.34335030319955,0.397120956234863,5,0.509
"Evan Marshall",12297,79,0,0,0.383111908172151,0.504153543732623,5,0.574
"Chris Bassitt",12304,133,1,0,0.347195962242385,0.462765231356552,5.6,0.463
"Colin Rea",12317,454,13,2,0.358187440753291,0.464499201610949,5.43157894736842,0.45
"Jacob Barnes",12323,106,1,1,0.293803271345373,0.381225844089779,5,0.486
"Kevin Quackenbush",12360,253,7,1,0.34657424337346,0.545106490794215,5,0.353
"Spencer Patton",12361,101,2,1,0.361843180307677,0.396408624383773,5,0.422
"Nick Tropeano",12385,296,3,3,0.337135916919328,0.484851143194542,5.23846153846154,0.333
"Seth Lugo",12447,260,2,1,0.341309461996445,0.474121404289176,7,0.428
"Erik Johnson",12520,146,0,0,0.346153215117068,0.584489464506979,5.18333333333333,0.421
"Tony Cingrani",12555,271,0,5,0.363043219845211,0.423970042288948,5,0.466
"Blake Treinen",12572,263,1,1,0.315378886258433,0.331047354095071,5,0.659
"Adam Morgan",12580,507,8,4,0.330934511250369,0.502184902198083,5.48095238095238,0.371
"Mike Wright",12586,328,0,1,0.352191005895325,0.501027682379145,6.68333333333333,0.418
"Nate Karns",12638,417,12,2,0.343541367881828,0.435928657791707,6.74,0.403
"Jerad Eickhoff",12664,811,9,5,0.306945777206968,0.46498466892404,5.97272727272727,0.407
"Phil Klein",12675,86,1,0,0.364956929618076,0.471415142930523,7,0.327
"Tyler Wilson",12691,414,6,2,0.335209154354937,0.491677961896978,7,0.451
"Trevor Bauer",12703,811,5,5,0.326029417436602,0.416324560911599,7,0.487
"Nick Martinez",12730,179,5,1,0.381505351904326,0.509371620301066,7,0.504
"Jake Esch",12756,59,1,1,0.36472592440281,0.476079703284784,5,0.5
"Rafael Montero",12760,93,3,1,0.400088857459133,0.478347757266085,7,0.357
"Christopher Devenski",12763,408,9,4,0.295403415897445,0.415878710359433,7,0.335
"Sonny Gray",12768,517,4,1,0.328714553498603,0.447408426471152,5.31818181818182,0.539
"Sean Gilmartin",12781,79,1,0,0.347293888718601,0.419005233257722,5,0.525
"Raul Alcantara",12790,103,2,0,0.342260259094889,0.575304640179668,5,0.395
"Cody Anderson",12799,270,0,1,0.317883953728729,0.479284587707074,7,0.398
"Noe Ramirez",12800,61,2,0,0.358279814466822,0.459507543790987,5,0.361
"Matt Wisler",12804,671,16,1,0.331804607887037,0.47311574953455,6.04615384615385,0.402
"Mike Clevinger",12808,233,5,0,0.342885419964788,0.439996487790788,6,0.382
"Joel De La Cruz",12825,276,1,1,0.347399880907552,0.50178898496782,7,0.431
"Matt Purke",12831,84,1,0,0.382064620481339,0.48137263791756,5,0.526
"Alex Meyer",12833,117,3,0,0.357536968066421,0.519034562774276,5,0.38
"Elvis Araujo",12854,134,1,1,0.37156257922471,0.459716858278143,5,0.393
"Shawn Armstrong",12857,44,1,0,0.33361893009473,0.347275603886572,5,0.516
"Matt Barnes",12863,287,7,5,0.329201580601396,0.392350235945802,5,0.456
"Tony Zych",12876,60,0,1,0.344233307635946,0.342963164139954,5,0.5
"Tyler Anderson",12880,478,7,2,0.29365353631352,0.392358337602183,6.00526315789474,0.509
"Alex Claudio",12890,217,0,0,0.305538518613627,0.395929064047471,5,0.626
"Logan Verrett",12905,406,3,5,0.366103827747994,0.526929910992647,7,0.441
"Ken Giles",12910,286,5,0,0.287511488807104,0.368926488321074,5,0.396
"Dylan Bundy",12917,474,10,6,0.328882807636132,0.429408054250236,7,0.359
"Archie Bradley",12918,638,12,5,0.342131911442806,0.441768121697661,5.43076923076923,0.451
"Gabriel Ynoa",12938,88,3,0,0.357300769711754,0.384972383836028,7,0.492
"Joe Musgrove",12970,256,0,0,0.31456047154955,0.464242577817284,6.3,0.434
"Joe Ross",12972,447,2,2,0.32718712303241,0.418860875250153,5.52631578947368,0.426
"Mauricio Cabrera",12975,162,4,1,0.347210342235806,0.388754589454488,5,0.491
"Andrew Chafin",12988,98,1,0,0.327646630569097,0.348077526498402,5,0.509
"Hisashi Iwakuma",13048,836,8,4,0.326835854437452,0.477624511799473,6.03030303030303,0.408
"Anthony DeSclafani",13050,507,9,6,0.313433924213561,0.4268986013083,6.155,0.419
"Wei-Yin Chen",13071,520,2,0,0.308695602245602,0.481751340728845,5.59545454545454,0.405
"Yu Darvish",13074,416,13,0,0.279149402684917,0.378507849930766,5.88823529411765,0.404
"Taylor Jungmann",13119,126,3,3,0.395343646449078,0.578323768414014,5,0.447
"Gerrit Cole",13125,506,18,2,0.340261840732462,0.448479336608296,5.52380952380952,0.456
"Derek Law",13133,214,0,1,0.282175741143102,0.410237298748226,5,0.503
"Henry Owens",13143,103,4,2,0.392193630463573,0.490899052716588,5,0.305
"Eduardo Rodriguez",13164,458,2,2,0.316737257590259,0.434923973759073,5.35,0.316
"Zach Davies",13183,682,8,9,0.314263015943051,0.432437001016273,5.825,0.455
"Joseph Biagini",13194,295,7,2,0.319735441076774,0.388881892173373,5,0.522
"Michael Fulmer",13218,647,4,2,0.314192505133006,0.411440351727589,6.11538461538461,0.491
"Ross Stripling",13273,419,9,0,0.325575454667552,0.445270450174609,7,0.508
"Matt Carasiti",13276,83,1,1,0.392819710902836,0.550519367725557,5,0.365
"Jesse Hahn",13287,203,7,0,0.363873297518909,0.451346383620551,5.12222222222222,0.494
"Daniel Coulombe",13293,193,2,1,0.285554065382338,0.321243639045904,5,0.622
"Jake Barrett",13322,250,2,2,0.332491404379415,0.420067710293557,5,0.448
"Luis Cessa",13345,285,4,1,0.310552202322219,0.455368852649412,7,0.432
"Cam Bedrosian",13360,162,1,2,0.300446682546919,0.318742394119206,5,0.495
"Steven Matz",13361,547,20,6,0.303236230919688,0.382617100301228,6.00454545454545,0.511
"Dylan Floro",13394,72,2,0,0.337742290641735,0.429302586640781,5,0.547
"Chris Beck",13418,123,2,0,0.393614352143967,0.42879497985775,5,0.463
"Matt Koch",13420,69,0,0,0.318689668581486,0.431802165724314,7,0.412
"Drew VerHagen",13424,90,0,1,0.352685622912166,0.505761969669408,5,0.597
"Pat Light",13427,91,1,0,0.395738823655823,0.414223241772535,5,0.544
"Marcus Stroman",13431,855,13,5,0.310609702340894,0.389865201081137,6.375,0.601
"Mike Morin",13442,227,1,3,0.313114152358767,0.421160463130779,5,0.388
"Taylor Rogers",13449,264,3,1,0.305697022653533,0.392420522394069,5,0.514
"Eddie Butler",13453,293,4,3,0.332188756363014,0.468097436171215,7,0.458
"Daniel Norris",13475,302,1,1,0.314631177492345,0.451623640754354,5.39230769230769,0.383
"Matt Bowman",13528,281,2,1,0.307905751455543,0.375524166276684,5,0.617
"Andrew Triggs",13533,238,1,1,0.305227684519393,0.406225764320602,7,0.509
"Blake Snell",13543,401,5,3,0.357678217981031,0.419110269373106,5,0.365
"Alec Asher",13560,111,0,1,0.334376460559419,0.479578587340512,5.44,0.352
"Steven Okert",13580,58,0,0,0.296890853087322,0.38288091497839,5,0.425
"Robert Stephenson",13594,170,0,0,0.372069412986187,0.483646970446562,5,0.345
"Carl Edwards Jr.",13607,138,1,1,0.260276095289652,0.286934355197019,5,0.5
"Jharel Cotton",13654,112,3,0,0.265415488138115,0.416986636369377,5.82,0.376
"John Gant",13684,222,4,1,0.340198783269626,0.473402279558782,7,0.421
"Nick Goody",13685,128,1,1,0.331306399120852,0.540465993271404,5,0.225
"Ryan Merritt",13688,37,0,0,0.255891685519564,0.367017288214192,5,0.533
"Robert Gsellman",13696,185,1,3,0.324607826691379,0.366785753517761,6.45714285714286,0.542
"Kyle Barraclough",13713,306,9,2,0.312337045497507,0.298879411262003,5,0.521
"Tyler Duffey",13758,596,2,1,0.316535648722758,0.471015167523733,5.11538461538461,0.479
"Chris Stratton",13761,43,0,0,0.357602692344316,0.414414937355561,5,0.406
"Dominic Leone",13763,131,2,1,0.35041308733715,0.494057873333076,5,0.474
"Roberto Osuna",13764,288,6,1,0.280698537485721,0.418450228285748,5,0.332
"J.T. Chargois",13767,100,3,0,0.374125867758387,0.429903605752499,5,0.551
"Zach Eflin",13774,272,7,2,0.345730709184544,0.557931100737413,5.73636363636364,0.362
"Alex Wood",13781,255,2,3,0.310414244754956,0.35517075185877,6.41,0.535
"Tyler Wagner",13796,40,0,0,0.298680392875484,0.405570511302538,5,0.484
"Matt Strahm",13799,88,0,1,0.31245699930137,0.294747926959084,5,0.467
"Jon Moscot",13849,105,3,1,0.371979043366944,0.534403594492634,5,0.367
"Scott Oberg",13911,113,1,0,0.314561228913139,0.361998188129732,5,0.556
"Brent Suter",13942,91,0,1,0.327696418209231,0.422979333294773,7,0.433
"Ryan Dull",13974,290,2,1,0.269777475050322,0.426102072078877,5,0.332
"Ryan Garton",14016,171,1,1,0.315745042252925,0.412018952365551,5,0.452
"Michael Wacha",14078,606,6,2,0.329729655327975,0.460832440333986,5.875,0.466
"Michael Ynoa",14093,135,1,0,0.369124773578227,0.424212518736805,5,0.388
"Cesar Vargas",14099,154,0,1,0.345936012473899,0.425947486247068,5,0.538
"Kevin Gausman",14107,757,3,2,0.302793544107586,0.411004569009064,5.97333333333333,0.441
"Lance McCullers",14120,352,0,2,0.325875235184691,0.34181350888361,5.78571428571429,0.573
"Rob Whalen",14165,110,6,0,0.339850217757851,0.469084028640018,5,0.418
"Jose Berrios",14168,281,4,1,0.378252381834525,0.471945491268259,5,0.38
"Dario Alvarez",14239,113,1,1,0.28293201438573,0.343714537317472,5,0.387
"Ty Blach",14361,62,1,0,0.295409726993181,0.388047760996908,7,0.578
"Jake Thompson",14371,237,1,1,0.374127989097884,0.490104669631486,5.32,0.464
"Tyler Glasnow",14374,105,9,0,0.361740374806399,0.429225528482094,6.525,0.476
"Adam Conley",14457,584,8,1,0.351381865837554,0.448142886116649,5.324,0.382
"Jose Valdez",14470,100,0,0,0.36472429215418,0.467695449434918,5,0.387
"J.B. Wendelken",14506,64,1,0,0.38240380517036,0.451518024828423,5,0.326
"Jose Leclerc",14524,66,0,0,0.401607574989534,0.514972068743702,5,0.289
"Carlos Estevez",14542,246,7,1,0.3250836389979,0.396587289483335,5,0.438
"James Hoyt",14605,91,1,0,0.289625341608546,0.3279681924509,5,0.538
"Chi Chi Gonzalez",14663,62,2,0,0.420173651293266,0.476346020572345,5,0.444
"Jandel Gustave",14665,60,1,2,0.28622078746664,0.376271096151272,5,0.4
"Luis Perdomo",14682,662,12,0,0.337092584702324,0.428100007784376,7,0.59
"Keone Kela",14696,150,1,1,0.322810317566177,0.394069718550001,5,0.439
"Severino Gonzalez",14697,151,0,1,0.312869396116014,0.533186560289128,5,0.257
"Edwin Diaz",14710,217,4,0,0.266039128383878,0.304695918359063,5,0.468
"Julio Urias",14765,336,7,3,0.339766238767777,0.389859785037743,5.33333333333333,0.437
"Buck Farmer",14814,131,2,0,0.356850602304653,0.42364847397114,5,0.518
"Michael Lorenzen",14843,202,1,0,0.307889117687386,0.315917823985276,5,0.627
"Zack Godley",14862,335,2,0,0.325476353822192,0.431436414993683,7,0.538
"Jon Gray",14916,712,10,2,0.304047994496612,0.372329146017267,5.79310344827586,0.435
"Aaron Blair",14934,324,6,1,0.370904751611033,0.515040804609106,5,0.397
"Chad Kuhl",14975,301,4,2,0.331007531956687,0.4851551429472,5.01428571428571,0.443
"Corey Knebel",15010,145,4,1,0.332266047026509,0.39210441518645,5,0.422
"Alex Reyes",15015,189,2,3,0.312357129279336,0.360951731667311,7,0.432
"Kyle Crockett",15033,70,1,0,0.331422425733682,0.440953047907837,5,0.478
"German Marquez",15038,98,2,0,0.343709243756176,0.473091579759731,7,0.549
"Silvino Bracho",15051,119,0,0,0.364044718389836,0.567455195051775,5,0.287
"Rob Zastryzny",15094,66,0,0,0.296896628768392,0.323136158504987,5,0.561
"Braden Shipley",15158,306,4,0,0.353363493846629,0.512121930998509,6.54545454545455,0.428
"Daniel Wright",15179,179,2,2,0.368656681960885,0.541400100671684,5.88571428571429,0.387
"Cody Reed",15232,230,8,0,0.345394838508947,0.4514327766696,5,0.519
"Steven Brault",15291,166,4,1,0.365153893832773,0.459434872369294,5,0.451
"Steve Hathaway",15293,65,1,1,0.33271915833525,0.431001630265278,5,0.5
"Donnie Hart",15306,71,0,1,0.309815313506943,0.332772956351712,5,0.588
"Matt Boyd",15440,412,2,3,0.316991725292467,0.460396480437334,5.50555555555556,0.381
"Jose De Leon",15463,80,0,0,0.350343188140589,0.441288427831977,5,0.4
"Lucas Giolito",15474,101,0,0,0.383468228377818,0.514900597009868,5.775,0.405
"Kendall Graveman",15514,786,7,2,0.330202921020957,0.437410112595324,6,0.521
"Chad Girodo",15542,44,0,0,0.31633225164505,0.405514432858114,5,0.694
"Chad Green",15552,198,3,1,0.303441500542176,0.428693373382173,6.15,0.413
"Nick Wittgren",15594,213,0,0,0.305385684274966,0.443023857285187,5,0.394
"Dillon Overton",15627,128,1,1,0.357498327821401,0.653871660056082,5.22,0.243
"Dalier Hinojosa",15671,44,0,0,0.315132093774941,0.415316022769948,5,0.515
"Miguel Castro",15684,67,2,0,0.31469361832742,0.400721276933325,5,0.542
"Masahiro Tanaka",15764,805,7,3,0.29463235655,0.412785300173718,6.4258064516129,0.482
"Sean Manaea",15873,594,3,4,0.309662047487817,0.43857616190529,6.05,0.442
"Luis Severino",15890,312,2,0,0.329018662874107,0.440708477777918,7,0.451
"Cody Ege",15928,55,0,0,0.365579417157973,0.543872913942905,5,0.421
"Odrisamer Despaigne",16017,135,1,0,0.392344249062899,0.541594748162884,5,0.396
"Edubray Ramos",16086,160,2,3,0.306123184760312,0.410960181726717,5,0.37
"Carlos Rodon",16137,715,17,3,0.314692751968907,0.406636997974304,5.89285714285714,0.441
"Aaron Nola",16149,483,5,1,0.301614915042656,0.378936351403277,5.55,0.552
"Brandon Finnegan",16208,734,15,6,0.349364742748838,0.448871393253596,5.54838709677419,0.381
"Reynaldo Lopez",16400,201,1,0,0.343669792170936,0.449475065258979,7,0.414
"Dan Altavilla",16507,48,2,0,0.301351095734504,0.378397051840975,5,0.5
"Zac Curtis",16684,67,1,0,0.438714985872826,0.45249211509757,5,0.39
"Brock Stewart",16727,126,2,2,0.3304345334246,0.429910904730057,6,0.42
"Greg Mahle",16877,86,1,0,0.376243231116172,0.443979435083224,5,0.517
"Luke Weaver",16918,167,0,0,0.326371785141688,0.426983759711574,5,0.307
"Trevor Williams",16977,61,0,1,0.33856376430651,0.511493659592713,5,0.455
"Daniel Mengden",16980,332,1,2,0.348514150854004,0.453108355456914,5.14285714285714,0.395
"Raisel Iglesias",17130,325,0,1,0.309585462995637,0.376625254030003,7,0.406
"Brian Ellington",17233,142,2,1,0.348139493710185,0.471144434253885,5,0.292
"Austin Brice",17237,59,0,0,0.315872664460644,0.372789156994539,5,0.526
"Jeff Hoffman",17432,147,1,0,0.34373739649494,0.428932848527049,5.51666666666667,0.5
"Ariel Miranda",17526,232,0,1,0.319892850287153,0.523128093156743,6,0.312
"Koda Glover",17695,83,0,1,0.324004740123671,0.481376724279409,5,0.424
"Carson Fulmer",18311,53,1,1,0.39061478397384,0.438271029870528,5,0.441
"Kenta Maeda",18498,716,9,4,0.307304668272488,0.386755031899351,5.475,0.439
"Seung Hwan Oh",18719,313,2,1,0.264528711051796,0.347385045152608,5,0.4
