"batter","totalBatterStrikeoutRate","totalBatterWalkRate","totalBatterwOBA","bats","BsRperGame","DefperGame"
501985,0.223052430048662,0.0826676259095969,0.365973176327555,"R",0,0
542194,0.250313743243243,0.081625555655702,0.356436746987952,"R",0,0
572008,0.238730237510823,0.0570220759331764,0.333052951971061,"R",0.00492676522077417,0
571976,0.27021411435234,0.0891396941721402,0.427589494792179,"R",0.0134882627283327,-0.0480261065266317
545358,0.261077043709599,0.101513325861053,0.374331954321225,"R",-0.008875,0.0347239652529382
571871,0.216748768472906,0.0847835841584158,0.358440740740741,"L",0,0
542513,0.162599763136174,0.0685197002086133,0.311191964832917,"S",-0.001125,0
542340,0.266880786318666,0.0849878170659098,0.369399004905561,"S",0.0122561911405651,-0.00759894131265702
502190,0.234150640055556,0.0662625262887266,0.337370310179838,"R",0,0
544931,0.214758294746603,0.0619559096799603,0.302289711344749,"R",0,0
545361,0.20246216038146,0.147665576263486,0.498897495456875,"R",0.0208646616541353,0.0113482003015768
545338,0.187954777539071,0.0980908854810688,0.328274677640905,"S",0.002,0
545363,0.225694490128755,0.0867066005507502,0.344245294117647,"R",0,0
571946,0.21935910466158,0.0973320123638916,0.347346547164267,"R",0,0
571740,0.222806016581138,0.0724629505932015,0.294316517862598,"S",0.0379341938214135,0.054522936688652
571466,0.174617587920867,0.0962885418657665,0.328385082692116,"S",-0.0220889328063241,0.0811367806860383
578428,0.108329601216511,0.0318799717199316,0.302413690215905,"R",0.007532,0.0950455002424386
545341,0.265943016490021,0.0648226197658428,0.414750731998685,"R",0.0045502379693284,-0.00955080666490346
474832,0.224356245947349,0.112320335453469,0.407356654465608,"L",0.00439010989010989,-0.00980417061841868
516472,0.236064830140987,0.0576598047384502,0.351888538151599,"L",-0.0025,0
516949,0.2644843704671,0.0640015497730796,0.369541833030853,"S",-0.00602,0
543054,0.228453275684932,0.0823125517241379,0.348284523809524,"R",0,0
554430,0.298364039476526,0.0461928126679363,0.314877372408293,"L",0,0
541640,0.239580098473131,0.0838541828458478,0.364014644121364,"R",0,0
543611,0.2025505121741,0.0783595312513883,0.345225931962774,"L",0,0
542454,0.262240524493418,0.0609707234050031,0.344963366430849,"S",0.00595121951219512,0
542364,0.185055218487395,0.0840836328396277,0.324051918147642,"L",-0.0194024390243902,0
542303,0.180037238264644,0.0780439674435765,0.397389640857733,"R",-0.00348164201937787,-0.0216848331682661
571681,0.236537216864621,0.0676953948536011,0.349141478442169,"L",0.002140625,0
571697,0.203540302108658,0.0633466773169766,0.393586123454233,"L",-0.00766869300911854,-0.00108639334802619
547912,0.35938901214186,0.0937512777259825,0.361258134732396,"R",0,0
571974,0.285538528454013,0.0708301103027184,0.364144126857938,"R",0.00205172413793103,0
572000,0.220496564597285,0.081325614094051,0.349124771398192,"R",0,0
570267,0.318500566901118,0.0956747170915062,0.436858089029987,"R",0.00488161277756136,-0.0324704483527372
571830,0.237391724726112,0.0679935654694969,0.37377315855318,"R",-0.0127253521126761,-0.041801871657754
572362,0.255148360095204,0.0736735832746069,0.349502158466043,"R",0,0
588751,0.18456105457066,0.0336904014275505,0.327395095461864,"R",0.00129655626233823,0.063990828649694
571771,0.184929978924197,0.103523022680133,0.352246363474258,"R",0.0139268472906404,0
596144,0.219063089071802,0.0754180181718055,0.318076776282746,"R",-0.0157,0
502570,0.212612086067019,0.0824091682281932,0.355553530332217,"R",0,0
518618,0.248799205263583,0.0670869549976009,0.385134101035152,"L",0.000502237136465324,-0.0852042270474294
519076,0.398770585180017,0.0605585112332333,0.32927085250276,"R",0,0
514917,0.20570125389821,0.119165986688743,0.342634354498039,"S",-0.000232531055900621,0.00781349651581181
518452,0.298696442895564,0.0832720191902752,0.324280935892212,"R",0,0
518397,0.25154512739924,0.0837643627479945,0.351809060673251,"L",0,0
519242,0.226431146226415,0.0838576316149068,0.36314240868246,"L",0,0
571679,0.22638799270624,0.0815584987367147,0.351058760573401,"R",-0.00708333333333333,0
542208,0.239484407565395,0.0653509906130663,0.305863349915705,"R",0,0
542963,0.279257317050413,0.0816131093535767,0.362198672634666,"L",0,0
570482,0.16527881906972,0.0531195823165285,0.312629744816587,"R",-0.0128432835820896,0
534606,0.271618896093328,0.0726354265389652,0.352764134233957,"R",-0.00380263157894737,0
570489,0.310715088505855,0.0515240020537527,0.316404722422495,"S",0.00174285714285714,0
571800,0.228059320754717,0.0897267834780725,0.36114475252961,"L",0,0
572816,0.168587040241926,0.0382052751654416,0.38191253389309,"L",-0.0102977777777778,0.00416560016673445
572669,0.260847225847341,0.0974949072437442,0.391700170907084,"R",0.00759411764705882,0
573135,0.268445821759597,0.0806914786039024,0.323762715308778,"R",-0.0022335224792667,0
592314,0.462169946619467,0.0361238756616117,0.293446622670884,"R",0,0
595777,0.154579800002426,0.0809776270078459,0.334771586899025,"S",0.00654109589041096,-0.00442690187431092
576397,0.199703874763042,0.0941055210775403,0.365108392916976,"R",-0.019132,0.029064749661705
592879,0.3351396136404,0.0731259485657232,0.357560961549547,"R",0,0
592743,0.0840111234940734,0.0655214173912053,0.322565109668862,"R",0.00416351655973643,0.146999238093747
592741,0.231150166666667,0.0829383226490279,0.358624074074074,"L",0,0
592419,0.26831585748275,0.0742828601134867,0.338702513860409,"L",0,0
548357,0.217283950617284,0.0840401091385525,0.361221391873872,"R",0,0
594807,0.271348910820063,0.0768500318465963,0.370923539234765,"R",0.00284768762115757,0.0077257165260213
594824,0.186464388282785,0.0994594915302176,0.311820157977821,"L",0.00337218045112782,0
594838,0.236069042883111,0.0621273672874259,0.302291922673404,"R",0,0
594798,0.286312253720716,0.0494883011032776,0.31291994847258,"L",0,0
594772,0.225925925925926,0.0925740197757891,0.366572960600154,"R",0,0
534947,0.25713411865562,0.0581461672143741,0.316630567530437,"R",0,0
594828,0.211903220935492,0.0765877875645517,0.365576905660399,"R",-0.0216395089285714,0
400085,0.170956709663053,0.0659523867807778,0.288882129971486,"L",-0.00225735294117647,0
594992,0.223351692307692,0.0822664219144362,0.361706826934298,"R",0,0
595281,0.246214578346143,0.0756002890861217,0.345211875893788,"L",0.0224719387755102,0.0875711100577806
596271,0.226718007898894,0.083641946722713,0.354834146341463,"R",0,0
518568,0.198695602183584,0.0722745196960663,0.298363573613617,"R",0,0
519237,0.319435889152859,0.096420588370481,0.405641394920869,"R",-0.01225,0.0233122947537044
570717,0.205573593073593,0.0835680915880344,0.350054135731177,"L",0,0
592710,0.240500196724012,0.0647546687094104,0.335762684056181,"R",0.0082027027027027,0
462136,0.259474885844749,0.0816691956112685,0.358114814814815,"R",0,0
592826,0.219129936221448,0.0602101288656722,0.316761675863618,"R",0,0
592592,0.223768232192414,0.0555787583396913,0.369530996196786,"L",0,0
594777,0.241222871409574,0.0964220238723161,0.36586504950586,"L",-0.00573239934071109,-0.0115123400276963
506924,0.210520926890625,0.0835987689248917,0.346088701501729,"R",0,0
594809,0.171776393990858,0.0945930824924034,0.347350349981184,"L",0.0274945080091533,-0.0274185255198488
502273,0.274884704871374,0.0797125303042201,0.328663895171814,"L",0,0
518466,0.379501187711001,0.123887141461585,0.395319969863937,"R",-0.00628688524590164,0
519333,0.229205207327917,0.101992659682654,0.293915081394709,"R",-0.00111344537815126,0
570731,0.233298131953345,0.0466493647708095,0.353938125739762,"R",-0.012625143129771,0.00414378243142003
570810,0.239554170750988,0.0886249261250684,0.355798310947138,"S",0,0
571437,0.295983597473684,0.101664171828451,0.398019861608684,"R",-0.0121312416555407,0
593160,0.161606476002318,0.0716104370262989,0.370891483423308,"R",0.0229694893059799,0.00914393352688726
592407,0.185142133426594,0.0595549626362789,0.304639772988081,"R",-0.0144016393442623,0
506703,0.237455847973025,0.0517639639364091,0.357817201162415,"R",0,0
545350,0.350244458451985,0.0687971749942421,0.39272058043932,"R",0.0126066129327716,0.0164992119251062
542583,0.254139577535424,0.0894701679332515,0.448646510968609,"R",-0.0112175152646717,-0.0667453525580695
518735,0.23070254107569,0.11885551878043,0.392388899973044,"S",-0.0278785714285714,0.0747430514133243
518649,0.324243250575006,0.0807303912690437,0.394616076555024,"R",0,0
592261,0.217490406060075,0.0989146719012151,0.278634797080383,"R",0.0352528301886792,0.0224523459172597
544925,0.28803534111281,0.0898186662416438,0.344761982497528,"L",0,0
591720,0.151427381624639,0.020692967464606,0.309580508176277,"R",0.00274661246612466,0
500779,0.35373059337172,0.0543206507167915,0.290852165600872,"R",0,0
592145,0.217425066666667,0.0830410611570248,0.363462110753785,"L",0,0
592127,0.214634146341463,0.0846262703886196,0.36062037037037,"R",0,0
596142,0.241819141563451,0.103170631268068,0.403876380550065,"R",-0.00739924479646344,0.0866737735380059
592192,0.219311316646144,0.0788708945712133,0.38448932399309,"R",-0.00616824849007765,0
574847,0.24914064,0.0727450109044275,0.353370376534221,"R",0,0
594840,0.277166684388834,0.0792099533787832,0.35717001349971,"L",0,0
595918,0.249174079987835,0.0859391105388216,0.35140482727769,"R",0,0
547172,0.168372649357528,0.0986094434791938,0.281740825947239,"L",-0.00365516118528167,0.0447705852243644
553988,0.183739420715936,0.0690452983922748,0.300821785748827,"R",-0.00826201185851564,0.0294821540158059
546318,0.213155989910071,0.0575307234414185,0.342697120104056,"L",0.00368184488836663,-0.000350156933531018
592885,0.201775470051078,0.0994263409265659,0.459808966193842,"L",0.0249050235478807,-0.0171576386368208
571951,0.254984641332639,0.0731794687889124,0.349813330366084,"L",0,0
592662,0.374096227230759,0.0570574202430699,0.324209097569699,"L",0,0
572191,0.309457266306818,0.0682354013160314,0.370130497021508,"R",0.0194679989881103,0.0632422739087362
592518,0.151712289785667,0.0791566838113089,0.403403598743642,"R",-0.0106324786324786,0.00720656934306569
592230,0.287877170510134,0.0831262655454316,0.328854866525479,"S",0.00414212765957447,0
547180,0.249036861396954,0.144653227013694,0.444598315099682,"L",-0.0040481896991331,-0.0725693823373252
570632,0.43387038205239,0.0371020165359949,0.308356478679989,"R",0,0
461865,0.258184428733703,0.0553084661887649,0.305604011183043,"S",0.00205258064516129,0
592547,0.222553671604938,0.0824885950413223,0.363935326300102,"R",0,0
570560,0.199559933130666,0.0649407537113865,0.330588012339209,"S",-0.00532964996568291,0.0415697900167798
575929,0.219828741694745,0.0830094549075547,0.35845177119267,"R",-0.0313795986622074,0.105098303793522
594011,0.194828870015775,0.0839429707019702,0.322761401598716,"S",-0.000965116279069767,0
592273,0.227600182494038,0.0661121151093948,0.344112599393256,"R",-0.00347777777777778,0.000391552270327349
592620,0.255988030232803,0.0752702270421767,0.379202540746616,"L",0.00202941176470588,0
592791,0.29613030277856,0.0394595263664529,0.274652036163009,"R",0,0
553869,0.152080042846037,0.0720658150478831,0.34905727868727,"R",-0.014812118902439,0.0431128027681661
593372,0.245889190057098,0.0395199270455723,0.314188744366656,"R",0,0
592468,0.249302596376138,0.0804324532461198,0.342021494852835,"R",0,0
518774,0.289914665188246,0.0557790882411454,0.289009371507949,"R",0,0
518748,0.226884400966184,0.0828906757522494,0.354599390243902,"R",0,0
592206,0.226624613723366,0.0595735606072154,0.440015102715888,"R",-0.000187898089171975,-0.0899615038494089
570799,0.261787162995662,0.0640132003842415,0.392850779180992,"R",-0.0055,-0.0107894554653175
592663,0.194493953875077,0.0696641295581016,0.392496332682533,"R",0.0139166808510638,0.0708659806024799
592426,0.206841089201878,0.0810668956121153,0.355062195121951,"R",0,0
592593,0.208508159236948,0.0751736526159919,0.328451111111111,"L",0,0
592685,0.377560044605374,0.118501145375591,0.394400560730318,"L",-0.00305585106382979,0
592789,0.344668537174638,0.0903378256278609,0.360882226903963,"L",0,0
405395,0.136542454067298,0.0600133553982779,0.347580476868059,"R",-0.0246325073137154,-0.0363966101694915
592836,0.279305098186399,0.0554193078699628,0.346569441123934,"R",0,0
547982,0.227802296931699,0.0736473528174779,0.374988802570257,"L",0.00277551020408163,0.0640891313965492
592122,0.322550914298152,0.0836886649204763,0.442010441677647,"R",-0.00441304347826087,0
592863,0.208356809964146,0.0654011918701089,0.340676551115889,"L",-0.00702941176470588,0
592680,0.288194057134728,0.0943166320632189,0.326472917173142,"R",-0.00398648648648649,0
500135,0.209158184260813,0.0641690280587641,0.324696358320043,"R",-0.00675806451612903,0
571595,0.18601858752385,0.0557700817424072,0.312152627591707,"R",-0.00338,0
592626,0.189410105147707,0.0895412809365869,0.376405092832978,"L",0.00288632750397456,-0.0274516878804649
593643,0.198917888181798,0.07639412102899,0.340600590557768,"R",0,0
593140,0.217821782178218,0.0847507052980132,0.359167355371901,"R",0,0
593525,0.261344464415584,0.0805165661276817,0.33640094625769,"R",0,0
607369,0.319332760989525,0.0962833591630114,0.362827600820232,"R",0,0
605412,0.0846189412474373,0.0804868703970796,0.299707498062892,"L",-0.011727621483376,0.00784722079746189
543768,0.18721305913372,0.11253761207904,0.384465489458095,"L",-0.00532236842105263,0.0202231723459516
605125,0.284940874562175,0.0717335150838382,0.342587161771985,"L",0,0
605361,0.20649124346205,0.100785727870667,0.37409789123082,"L",0.0047,0
542932,0.222746706601467,0.0843659310344828,0.367248850890266,"R",0,0
543294,0.390483741500002,0.0467659308957226,0.293142073576476,"R",0,0
592348,0.270197792829815,0.0871315804715895,0.374840678201847,"S",0.00430152671755725,-0.0401274203128093
573627,0.267694354760273,0.083651568431498,0.393282135492783,"S",-0.0025,0
572241,0.285441773809524,0.0788626442590034,0.358861728395062,"L",0,0
605474,0.220364115044248,0.0871634049026477,0.369763387784091,"L",0,0
596146,0.168629179693403,0.103687498442732,0.329695767340914,"L",0.00615149136577708,0.00404370757427856
605113,0.195542231360753,0.0645625803873106,0.331695841735001,"R",-0.00923103958564558,0.0363451258876695
592696,0.183872340286326,0.0452114239589387,0.372005546972559,"L",0.0148203282464728,-0.0189810025053511
605131,0.242273720032502,0.112024970836826,0.342169428228728,"R",-0.00868588235294118,0
592325,0.202196749387268,0.095328014626538,0.354478269190155,"L",0.00914046106103148,-0.0173148876404494
593428,0.17797001079591,0.0853347508381916,0.385709526458389,"R",0.0118817567567568,0.0382120613493867
593934,0.369492030878174,0.108872334269398,0.440114456521055,"R",-0.0160522609340252,0.000918072289156626
593528,0.269365673560771,0.100226851828058,0.382424381705707,"R",-2.88572527895343e-06,-0.0163187079407806
596748,0.137910445876843,0.0573213457381343,0.346984853418815,"R",-0.0164482006543075,-0.0242731821339447
595751,0.347517324111953,0.0309863551281329,0.43596894297584,"R",-0.0202327586206897,0.0455944764096663
594988,0.238238803197182,0.0769804132167386,0.406773948056933,"L",6.35315172002387e-05,-0.0778186363190816
595426,0.224187416738168,0.103723329555143,0.334939165845764,"L",0,0
596059,0.236506470187487,0.0672083809308064,0.367619147015676,"L",0.00142248062015504,0.0273906245494558
607345,0.114272235469876,0.0428709863593928,0.325734281081574,"R",-0.0237851458885942,-0.00208119575699132
605486,0.313342928781676,0.073980629442769,0.376115582081473,"L",0.0173740978348035,-0.0155255874673629
607054,0.222271396981232,0.122452539893135,0.319760100092918,"L",-0.000719452247191011,0
600303,0.140112069011911,0.0878498539783187,0.333607389064484,"L",-0.0033894086201136,0
607333,0.221517204436451,0.0877121952561662,0.357210655737705,"L",0,0
600301,0.212589192818148,0.0838703503095179,0.323527588100815,"R",0.000369565217391304,0
607387,0.331952598344977,0.0691044201210163,0.367582184445605,"R",-0.00180444964871194,0
607680,0.177011615379547,0.0305481257228524,0.354198998828009,"R",0.0101006036217304,0.0309677983635496
607625,0.292035577265692,0.0601858526901967,0.333718630560721,"R",0,0
285079,0.194941025364416,0.0340943123925004,0.284967449832179,"R",0,0
642094,0.271017723294347,0.0829896749643331,0.357008956507715,"R",0,0
608061,0.157215098623442,0.0519247916241195,0.346337878483509,"R",0.00247260273972603,0
607968,0.236451116747182,0.0828226806316385,0.359694628099174,"R",0,0
542908,0.28588868028298,0.0698325724903203,0.335304786797632,"R",-0.00305,0
592200,0.213733784179674,0.0846024952661888,0.36582959467658,"R",-0.00948076923076923,0
543939,0.153271820596454,0.0796322177622738,0.315029909734324,"L",0.00958508311461067,0.0738657366456351
543760,0.188899130075986,0.088930174004881,0.337294497863935,"R",0.0202325194228635,0.0469905239846401
543068,0.258775900964891,0.0649421604450263,0.434120686863368,"R",-0.0118342857142857,-0.0582279677358263
543308,0.264732699389071,0.0564742316131117,0.38118783165472,"R",-0.0129703703703704,-0.059288622754491
553993,0.231249631591849,0.10352347468444,0.434897154583425,"R",-0.0149230769230769,0.00263430796122676
596115,0.262747224987261,0.0778616792610909,0.454112460618385,"R",0.00355930155941138,0.0328735732488337
605388,0.227926541284404,0.0933894030590048,0.368460614921141,"L",0,0
605541,0.216216216216216,0.0848824843492587,0.359367355371901,"R",0,0
605227,0.269051107205868,0.10484258507798,0.365886458427372,"R",0,0
605357,0.208832209692953,0.0798893353201403,0.34708318400271,"R",0,0
607257,0.318600072957357,0.0936541320993894,0.355983485948277,"L",-0.00517567567567568,0
595191,0.275803632786961,0.0565569605255336,0.335624423231797,"R",0,0
606273,0.22524545320197,0.0836028160592829,0.365911238087706,"L",0,0
607297,0.228235292316337,0.0862204879093709,0.359478688197767,"R",0,0
542993,0.211384943231441,0.0823270270228943,0.34894717421897,"S",0,0
545333,0.226893069691466,0.0843744712820833,0.351222471011595,"R",0,0
607385,0.29768063574026,0.098913039999753,0.362492452987649,"L",-0.0112551020408163,0
543652,0.219488212790698,0.0833039733574802,0.345940476190476,"L",0,0
591971,0.17617927449603,0.0858514878761711,0.321773084296365,"S",0,0
606160,0.2579304908259,0.0634900614907145,0.325316626794258,"R",0,0
543543,0.304271693588932,0.0958932954248739,0.391336057336177,"L",-0.00914,-0.0203638114546376
605154,0.224096196560197,0.083228851653893,0.35930826446281,"L",0,0
543208,0.237366434066917,0.0794313156973777,0.364237305997069,"R",0,0
543089,0.221891173469388,0.0800282409221147,0.358369549819115,"R",0,0
592647,0.256478895394473,0.0863090781884953,0.365728384009878,"S",0,0
605538,0.22559248469408,0.0803227400992226,0.343516134939759,"R",0,0
605182,0.224441478672986,0.0842864758842444,0.3547,"R",0,0
543542,0.231693742822967,0.0837533972963228,0.366301355661882,"R",0,0
543807,0.194442593981654,0.096849815547917,0.384407853374586,"R",-0.00980714285714286,-0.00724895038864358
571718,0.282760800284284,0.100601410775209,0.399497553145283,"L",-0.00471189189189189,0
543510,0.247543119425932,0.0598841694331775,0.34881434300609,"R",-0.0195698752798209,0.0759522411334417
543685,0.133371424423239,0.0883123547726689,0.409319718893463,"R",0.0132423469387755,0.0618963514482303
542881,0.405587541410615,0.0576909487068637,0.311452581663489,"L",0,0
570256,0.206701615165223,0.0990792712784362,0.373445759153874,"L",0.00412820512820513,-0.027550876341036
596019,0.144359668602547,0.0853149301312122,0.397360842050461,"S",0.00976104609505613,0.0963373141267666
605164,0.226378596987952,0.0819246148197435,0.358557396817987,"S",0,0
605151,0.234921712264151,0.0850876153846154,0.363242802544054,"R",0,0
593700,0.226595565334906,0.0471059624323841,0.315967526281246,"S",0.00995849056603774,0
607043,0.263508428290114,0.136656353542136,0.412696342202164,"L",0.00436987577639752,0
591741,0.193585308537214,0.0513684974827414,0.342938132669336,"R",-0.00597794117647059,0
593647,0.215153842627014,0.0760875377621375,0.353897279937078,"L",0,0
595943,0.242019745098066,0.0775278992091059,0.342398355835026,"R",0,0
591994,0.236450479046167,0.0929960782208181,0.356313257575758,"R",-0.0085,0
592731,0.274004020144628,0.077242190408182,0.367231279904306,"R",0,0
605397,0.248634797686592,0.0695369324396193,0.327024331876426,"R",0,0
605452,0.327212403504483,0.0724428323540637,0.342432881824256,"R",0,0
595978,0.274494580575283,0.0542052068248012,0.362992163345841,"R",-0.0110521978021978,0.0590584577178777
605421,0.228096035366932,0.0715820023401622,0.356346283801946,"L",0,0
595879,0.270423778432242,0.0446757358908002,0.45034862905421,"R",0.014192025862069,0.0247236747812395
595956,0.196567540401153,0.0830264038160851,0.350469853929927,"R",0,0
605508,0.190666587804133,0.0739079453094486,0.321233911769419,"L",-0.0169878048780488,0
598265,0.258053020474657,0.0850398455540866,0.39726526502103,"L",0.022968515037594,0.0483773092857604
605509,0.221448549303049,0.0705159017138942,0.304728955813651,"R",-0.000137820512820513,0
605520,0.294654542447798,0.089194066043486,0.353742338709677,"L",0,0
607430,0.242364554968762,0.0804043035130212,0.340149520045172,"R",0,0
543101,0.304311627442927,0.06881413400358,0.358861806220096,"R",0,0
606192,0.305977851981902,0.0782444089823876,0.442333425974031,"R",-0.00570149253731343,-0.0823116040955631
612672,0.282840726638416,0.04834826806432,0.32376353629171,"R",0,0
506433,0.349944527836492,0.0775471960967778,0.34400021153597,"R",0,0
493114,0.133080600316674,0.072371090941664,0.321662267889568,"L",-0.0073,0
493316,0.275590721307386,0.0686282413251687,0.408723556094904,"R",0.0168196881091618,-0.0355898444938115
543037,0.303697436995311,0.0512716437385064,0.304267459369686,"R",0,0
543484,0.24480522172251,0.0846289408088238,0.366619722122481,"R",0.00571046145419691,-0.0143142857142857
572180,0.317969574053387,0.0792371981735816,0.334639606897909,"R",0,0
605137,0.179580546335586,0.123347746281332,0.363999510773061,"S",-0.0239713156552779,-0.0951943306298551
593993,0.253251441233992,0.0707057231166594,0.373226336226587,"R",-0.019,0
593871,0.167810979859324,0.0816507493155945,0.335355370223506,"S",-0.00103383458646617,-0.00417353360473563
596143,0.222288114753624,0.0799614915651556,0.304681817572071,"S",0,0
593523,0.245053412131405,0.0605936742744723,0.360359587172288,"L",0,0
547170,0.240399667230692,0.0881744355354732,0.355286265714172,"L",-0.0127122093023256,-0.0292432395095838
593958,0.229405183797672,0.075248026706754,0.340988794360719,"L",0,0
596119,0.249699080695576,0.0809658614206422,0.344641728081256,"S",0.00152439024390244,0
605200,0.234985573429311,0.0696828915118009,0.276507266417793,"R",0,0
606115,0.237411603154619,0.0425825338929935,0.311057646803415,"R",-3.50140056022408e-05,0.0328453215151123
607352,0.209795961904762,0.0784858776053179,0.351122289156627,"R",0,0
605242,0.248874390223637,0.0784716350707935,0.345907140758155,"R",0,0
605439,0.235055314633742,0.0832219214787749,0.368500561429233,"R",0,0
572287,0.359240306763391,0.0786269390905503,0.449907899005624,"R",-0.0137410077076791,0.07975140019448
545337,0.279555784573978,0.0888382323419329,0.34626411583108,"L",0,0
572227,0.250620256554959,0.088923048288172,0.357440256462892,"R",0,0
150029,0.228933598127038,0.106001904938321,0.375968591519284,"R",0.00221428571428571,0
548389,0.278742867543974,0.0632618724347903,0.318067529820069,"R",0,0
572073,0.232550428668886,0.0579870697130586,0.340914346265236,"R",0.0128691412931919,0
572182,0.210663043062201,0.0917420186555461,0.357012295081967,"S",0,0
598284,0.267118086136339,0.0894076458557462,0.400932085934282,"R",0,0
571851,0.207494908399548,0.0946872947873739,0.332449151287309,"R",-0.00313461538461538,0
571970,0.267889582212167,0.129821789071087,0.458449319554475,"L",0.00496715328467153,-0.0438372262773723
545121,0.242995803744914,0.0716207614055196,0.340238062103276,"S",0,0
571918,0.284230889703149,0.0802886624931906,0.330791330353448,"R",0.000753521126760563,0
571875,0.254899333495547,0.105226618702646,0.385327461578963,"L",0.000450383509108341,-0.0168080696202532
553882,0.183835223971601,0.105210191456994,0.355656386511803,"L",-0.0166865979381443,0.0622032309134145
571912,0.275882117545562,0.0892089845964074,0.339757333593725,"R",0.00469501278772379,0.0434353477765108
571980,0.215311765244984,0.0547474586015358,0.361237086113552,"L",0.00669672131147541,0
571927,0.240512044320182,0.0594720698061025,0.314331459314334,"R",0,0
572039,0.191537928584948,0.0641820806502608,0.396169072663537,"R",-0.0168421427245157,-0.0332709344270383
570481,0.259040602717428,0.0577815368424364,0.374207315563152,"R",0.00198148148148148,0
571670,0.247899456086748,0.078611932763192,0.350693733888558,"L",0,0
570240,0.218038028571429,0.083192545386179,0.35115,"R",0,0
592808,0.195441171286383,0.0645726520929256,0.361171828434723,"L",-0.00143548387096774,0
572233,0.29080877160903,0.0822724859711364,0.394378696741855,"R",0,0
571863,0.266984841093168,0.0921442765725615,0.350150152071511,"L",0,0
573186,0.266307622010774,0.0755270360641522,0.379003387107139,"R",0,0
573088,0.233051272191186,0.0771437362507863,0.334793212951432,"R",0,0
572750,0.240620587096545,0.0667454992735281,0.329889326000134,"R",0,0
608371,0.272542569246871,0.0797542355160298,0.337351210012258,"R",0,0
596105,0.228323984103778,0.0866723459781211,0.356316984590487,"L",0,0
608596,0.360975519057365,0.0578575196820421,0.360374250867575,"R",0,0
608070,0.118202695921631,0.124166855684111,0.381839681669178,"S",0.0227229299363057,0.0323113360666961
605483,0.212667546153846,0.0855349243053225,0.348153529411765,"L",0,0
596451,0.223962687973915,0.0806925997337869,0.357202449896181,"S",-0.00514,0
608385,0.143205466425735,0.114282435413198,0.371621470664334,"L",-0.0141679416686589,0
606299,0.109925764166139,0.0407522537867115,0.318840867910375,"R",0.0119487996080353,0.030250823879035
596112,0.329241278113042,0.0741692836595934,0.34432811348008,"R",0,0
621550,0.256962790699396,0.0879126523340845,0.383052667140825,"R",0,0
605480,0.189403835727576,0.0793836785377748,0.32690365440353,"L",0.0259838455476753,0.0122730158730159
605141,0.147302089156421,0.121573612345866,0.451539416345201,"R",0.0340857843137255,0.0742320664289997
606466,0.136432388453379,0.0892249564483117,0.336310850786926,"S",0.000315739994627989,0.0167999089217173
596001,0.225404241830065,0.0839555976577313,0.359667355371901,"R",0,0
608348,0.192030941018036,0.0851398054426061,0.301650696108476,"R",0,0
600869,0.246170218162555,0.100813048455278,0.361583953084134,"S",-0.00216228070175439,0.0157069306930693
608369,0.177741797585248,0.0991247442457275,0.412642871254431,"L",0.00143023872679045,0.0370626506024096
605512,0.231465717651496,0.0864994550554884,0.342427033492823,"L",-0.00352061855670103,0
605280,0.227549960831335,0.0846624991896272,0.354315447154472,"R",0,0
605194,0.230281466183575,0.0836789120521173,0.358983950617284,"R",0,0
605253,0.220491158941122,0.0871793486088757,0.351271666434522,"R",0,0
621261,0.262307403938731,0.0779844706454796,0.346553592254785,"R",0,0
607231,0.257551213205122,0.072359973559083,0.338512152933739,"R",0,0
607219,0.366680809802369,0.0624869719932416,0.318885672548612,"L",0,0
607229,0.256283865975422,0.101794671084443,0.335155425744414,"R",0,0
607471,0.239261832971996,0.0903414474701646,0.364608339055434,"R",0,0
607732,0.213077346353953,0.0815255284396924,0.349804682500432,"R",0,0
608331,0.253446445635298,0.0821182090227708,0.35011734372514,"L",0,0
621311,0.245615266725183,0.061555799500287,0.401004545454546,"L",-0.00207142857142857,0
621512,0.251482335097114,0.0616908359240828,0.349969613466853,"R",0,0
621035,0.281070394940845,0.0886856781686014,0.419907557995592,"R",0.022660599078341,-0.00427054090299508
608717,0.302132299514464,0.0617934971651599,0.324488039392824,"R",0,0
608671,0.206029710879863,0.0954483567441944,0.304655854621304,"L",0.00483333333333333,0
609275,0.284912348294622,0.0582115039786023,0.401481221878938,"S",0.01994,0.0493718255499807
608701,0.206960399331848,0.109622535344959,0.315229724442784,"R",-0.01735,0
621107,0.407976072119055,0.0505909306288376,0.343789238356103,"R",0,0
611177,0.151035284583703,0.0555857242547526,0.324325306416727,"R",-0.00313461538461538,0
622072,0.381517647347947,0.0654291805847312,0.27746190307347,"R",0,0
608703,0.268700400021655,0.10250756572772,0.338432116615794,"R",-0.00832352941176471,0
621381,0.234559797507788,0.0802010952607679,0.353733467741935,"R",0,0
608700,0.215074496259942,0.0860739463937212,0.346653390406763,"R",-0.0171992815600411,0.0277136456211813
608672,0.246975940752864,0.0864090037724082,0.352263212007291,"L",0,0
622217,0.261426825991189,0.0746169923297148,0.348055357142857,"R",0,0
622210,0.222602860328639,0.082191099795159,0.351837951807229,"L",0,0
621219,0.22289156626506,0.0868037463414634,0.362808277119774,"R",0,0
622110,0.16850078653372,0.082632975732029,0.343418338670341,"R",-0.012,0.019259830667921
621563,0.190486396880852,0.0643772291021378,0.359934845606219,"L",0.00462230215827338,0.0290805861755933
581527,0.169172385013754,0.0540667020654047,0.35732115921083,"R",-0.00348038834951456,-0.0421311143270622
622194,0.23925832458416,0.101552139362133,0.340766268535074,"L",-0.0159605263157895,0.0176573255194459
622270,0.229473367424727,0.0718175540716084,0.332965532680743,"R",0,0
623149,0.237555003495146,0.0816730951365989,0.34821798088411,"R",0,0
623167,0.276640761538462,0.0681457976013079,0.357153922332258,"R",0,0
582473,0.230525692018779,0.0839316855033822,0.352726612903226,"L",0,0
623182,0.288577082457091,0.0960731060418738,0.369211354545455,"R",-0.00106521739130435,0
608650,0.228982385365854,0.0842276262295082,0.362593948254475,"L",0,0
608718,0.228419537480861,0.075200939069896,0.340502654624211,"L",0,0
623402,0.224096196560197,0.0848824843492587,0.361317355371901,"R",0,0
608379,0.287428421202226,0.0683167601024966,0.264356921703338,"R",0,0
547004,0.255884911873803,0.0847717952349605,0.341021590513834,"L",0.000613207547169811,0
608365,0.225803127846042,0.0772549169823842,0.336807195739377,"R",0.00963846153846154,0.0637789425132732
592332,0.270419520773407,0.0889033665565818,0.339684619610409,"L",0,0
546991,0.180644646378942,0.0380909515927811,0.333003761629326,"R",-0.0109078947368421,0.021882891758844
606992,0.231854185553772,0.0780605463366681,0.355148973363975,"R",0,0
593527,0.151455918378877,0.0598299015571678,0.300716094107075,"S",0,0
621121,0.210526315789474,0.0832816699029126,0.360132045886897,"L",0,0
608336,0.355697273141618,0.122432802241234,0.508604897358877,"L",0.0142122087604846,-0.0318683052222766
596129,0.247518042077291,0.114022547853897,0.373772029615516,"L",-0.0158783783783784,0
595885,0.245106501409484,0.0982828239754764,0.344871832844798,"L",-0.0152103658536585,-0.0251930902111324
602922,0.252278057972217,0.0784347996588754,0.373495917326849,"R",-0.019,0
621002,0.228123115440559,0.115711775662158,0.361835618510884,"R",-0.007355,0
607776,0.27902273613156,0.0737943283033046,0.366898658188757,"R",0.00103571428571429,0
621439,0.287646250900267,0.0569511772821622,0.331676174933395,"R",0.0253142857142857,0.0294708661417323
621043,0.228151858667632,0.111039762545704,0.371892685014192,"R",0.00174403669724771,0.00773668020996148
621244,0.243930775383223,0.0784537139006346,0.362154602416254,"R",0,0
623205,0.232335534848485,0.089005580829066,0.361625561429233,"S",0,0
623352,0.241727942351598,0.0825409299816727,0.353687195121951,"L",0,0
624585,0.275542097205328,0.10973570891667,0.398405004430268,"R",-0.0250512880562061,0
624577,0.189696584895837,0.0876674885910689,0.399247293643382,"R",-0.018736,-0.0285848782207214
554054,0.230665491803279,0.0812614894519881,0.3586372784689,"R",0,0
598271,0.213204572156767,0.0837867428092647,0.353686704769603,"L",0,0
571745,0.215897681097406,0.0945052755460433,0.416166577254279,"R",-0.0108835589171975,-0.0191854531430965
593974,0.223120401960784,0.0809575559210526,0.357372950819672,"L",0,0
594694,0.186514152695646,0.0753333073925159,0.312643342585616,"S",0.008109197907585,0.020260623658629
546990,0.263428893068598,0.0852336229017059,0.360635207718338,"R",0,0
467092,0.193937944227349,0.0585022128341452,0.400189923378851,"R",-0.051484375,0.0292673970532678
608384,0.249732153963438,0.0665656112007078,0.40838324463018,"L",-0.0103041308089501,-0.075839624119029
599096,0.29620263663312,0.0866008036491257,0.365774909557708,"R",0,0
621566,0.241166655446441,0.106394853705333,0.434672255571889,"L",-0.017049278091651,-0.00520359204618345
606132,0.231237030188173,0.0601266719959685,0.357119090467186,"L",0.00834285714285714,0
621446,0.300862461553235,0.0571112700772744,0.352968846833294,"R",0.000830275229357798,-0.0111919469126083
621389,0.330797497424272,0.0743110129635465,0.341613356570364,"R",0,0
622097,0.234037577395965,0.0833786191130419,0.355530537733797,"R",0,0
607192,0.23650958800738,0.0936715602655285,0.34774527444761,"L",0,0
607237,0.222970447915121,0.0631459337051398,0.320754630777491,"R",0,0
608597,0.27246030256304,0.0738764047576824,0.376272991255569,"L",0.000719512195121951,-0.0242026405451448
621529,0.202764976958525,0.0850110189274448,0.356148152373942,"R",0,0
623451,0.233939608770514,0.085369865674833,0.363201284881707,"R",0,0
547943,0.343485456722904,0.0854036017293303,0.361582610422767,"R",0,0
543045,0.29473096353187,0.0807851990552953,0.337476804438563,"L",0,0
595909,0.304928334691939,0.0674030212917467,0.43002154186189,"L",-0.000324175824175824,0.00357830556540234
600524,0.253064832413761,0.0698090694380238,0.360334772336919,"R",-0.0128972602739726,0.0363851906701222
600968,0.216216216216216,0.0882902009884679,0.36379760172407,"L",0,0
605446,0.257710633182901,0.0676919536197318,0.328137742162144,"R",0,0
600474,0.234320758274343,0.0697757155617804,0.295107665579681,"R",-0.00627142857142857,0.035071875
602115,0.246907979368553,0.0802261251547249,0.369943856534091,"R",0,0
621044,0.241392307653796,0.0914224845846504,0.334729519628099,"S",0,0
623993,0.228427342581971,0.062638198242967,0.33879463969106,"S",0.0075,0
608577,0.207804381914746,0.0803702429245127,0.380841071187056,"L",-0.00998353040540541,-0.0446933091105871
621559,0.319017837203325,0.0846262738257677,0.353488897776856,"S",0.00103571428571429,0
624636,0.249817459251519,0.0690076580338855,0.324527148985316,"R",-0.0025,0
614177,0.256998128346497,0.0908025752384991,0.419018230322761,"R",-0.00363793103448276,-0.0623915078933043
614173,0.357240812969003,0.0768738896798102,0.45016278513756,"L",0.014,0
623520,0.269036964044,0.0822659311088681,0.391965266148325,"R",-0.00428378378378378,0
624407,0.226530569337101,0.10443640768033,0.362039048856199,"L",0,0
606131,0.274894393865104,0.0445276680416489,0.320332990594833,"R",0,0
605612,0.219061487922705,0.0837753243386075,0.358007740392036,"L",0,0
607455,0.246004883561644,0.0822101836227393,0.352778915662651,"L",0,0
622534,0.177820093929148,0.0585866485739783,0.326133925957642,"R",-0.00315754812563323,0.0315640167829211
608475,0.214660127113835,0.0762837265423674,0.332026722748076,"R",-0.00616666666666667,0
621433,0.358234269622287,0.0825979526240554,0.363852365622906,"L",0.00267647058823529,0
640447,0.22123397603608,0.0783849416405247,0.359620281063285,"R",0.00765384615384615,0
621112,0.233586682828283,0.081891346599111,0.353894080145719,"R",0,0
628711,0.258243160846561,0.0735998768275726,0.356407949501355,"L",0,0
641941,0.225888546341463,0.082972787245698,0.357924691358025,"L",0,0
572228,0.246065818703085,0.088452337658982,0.472287691374031,"R",0.00350205902539465,0
571657,0.207430893503546,0.0740219736224743,0.364044647999237,"R",0,0
592444,0.310779461723463,0.0605296893149425,0.367862596761999,"R",0.00450747508305648,0.053658064516129
547179,0.260386772378204,0.0740629402846856,0.382975114936678,"R",0,0
643327,0.388864980584396,0.0549274593452523,0.277322471241228,"R",0,0
592761,0.266055688204358,0.0710254027002285,0.35005325322604,"R",0,0
594576,0.29545549390896,0.0803065099837609,0.311985342744801,"S",0,0
642162,0.246528291088471,0.0572171785173376,0.33101481736024,"R",0.000517647058823529,0
643393,0.158999776924935,0.084831899830297,0.31266981446924,"L",-0.00930412371134021,0
594953,0.311822305340938,0.0778034558182997,0.427523894176932,"L",-0.00462903225806452,0
592865,0.244179063492064,0.0826149663350765,0.363774874451342,"S",0,0
592351,0.425736621009098,0.0619558640455343,0.315724416560883,"R",0,0
594902,0.269545409972743,0.0614878496395974,0.368091149066214,"R",0,0
595144,0.234077635007495,0.0964137580498501,0.354405903731011,"L",-0.003875,0
595373,0.259956540103803,0.0815584732748258,0.331797562486829,"R",0,0
595284,0.307490986757566,0.10805549419576,0.381133474369109,"S",0.00201785714285714,0
622666,0.207916163175809,0.0788246762830475,0.366791737519926,"S",-0.00738332726610848,0.0304981856990395
606959,0.267831599118943,0.0791602504171148,0.362431433072704,"R",0,0
605170,0.212062115967773,0.0705121465780689,0.34669765841567,"S",0.000973684210526316,0
641771,0.254583577061063,0.0396173152464867,0.287952251427224,"R",0,0
608566,0.250980883019126,0.0219099109282292,0.321561981708658,"R",0,0
608723,0.225088726044226,0.0854331301482702,0.359449173553719,"R",0,0
608654,0.282368814653778,0.0616614530062006,0.352918922005972,"R",-0.000928571428571429,0
407793,0.292593877777778,0.062257013130701,0.316877272727273,"R",0,0
641553,0.28854024485655,0.0414811020241563,0.318243641490166,"R",0.0192827121332276,0.00951741420962249
608652,0.233554855769231,0.0837893009569305,0.357237704918033,"L",0,0
621471,0.187751717143859,0.101719163907506,0.347296031082888,"L",-0.00694230769230769,0
641505,0.219857913416019,0.0813434401975345,0.361087270209015,"R",0,0
641857,0.264903401253699,0.0803008259608364,0.354976946534302,"L",0.0033021978021978,0
622226,0.308831727341551,0.0944530791863499,0.370366548548405,"L",0,0
641531,0.269513933320513,0.0719430274702511,0.375496404111884,"R",-0.0147941176470588,0
641796,0.228797158139535,0.0851706215139308,0.355226692004939,"R",0,0
623454,0.222242616504854,0.0821785060722528,0.355258943089431,"R",0,0
641820,0.238629200248319,0.0648621215379554,0.400417780731538,"R",-0.00359654631083202,-0.112103930771227
640463,0.224901916354356,0.0808154814222317,0.355914424660758,"R",0,0
641598,0.220084238548091,0.093326108160554,0.364215920525518,"R",-0.00506310679611651,0.00783326856972052
627894,0.265388375565611,0.0723806168888292,0.355290243902439,"L",0,0
641313,0.255291846898561,0.0424832762444054,0.352625021388137,"R",0.0119022293849046,0.0040099279373403
641477,0.271034416892741,0.0781357959287259,0.355104506177248,"R",0,0
640460,0.226837747572816,0.0843026330857991,0.359035537190083,"R",0,0
640461,0.264886702594708,0.068185593779168,0.438875305606168,"R",-0.0149379310344828,0
641343,0.256550414549133,0.121903535984969,0.348262329830258,"L",0.004375,-0.0373751517087193
641319,0.208884051837319,0.0894082488224478,0.312761931793189,"L",-0.0120043379320154,0.00705127903557777
642156,0.229161255225684,0.0762121060012874,0.316172405965145,"R",0,0
641525,0.279451498224288,0.0754121687179856,0.361813881763922,"R",-0.000716216216216216,0
624428,0.138302831814877,0.0762543965332013,0.352626799642447,"L",0.00544770716009654,0
642003,0.29227920131291,0.0865334919330046,0.359349173553719,"L",0,0
641438,0.241791028846154,0.0831734135581188,0.359667355371901,"R",0,0
642851,0.214933862132169,0.0682003884019592,0.355763368983957,"R",-0.0150714285714286,0
643565,0.287067931138366,0.102635307339245,0.329466527277334,"L",0,0
643265,0.258474109523976,0.0704417513149471,0.383844683692855,"R",0,0
643256,0.238785309927361,0.0840344378061598,0.359767355371901,"R",0,0
643230,0.187636945952404,0.0750237346764431,0.3337288680715,"L",0,0
643335,0.127287533080234,0.0957195069675439,0.313007756949912,"L",-0.014875,0
643446,0.1400256944865,0.0647902283102179,0.356034025733039,"L",0.0263095238095238,0
644337,0.240522889684093,0.0907029593667179,0.34897446487031,"R",0,0
571760,0.255031192997258,0.082606918067203,0.360675900070594,"L",0,0
592178,0.228559540402256,0.0980133717226389,0.401690566816888,"R",0.00604888975457733,-0.0128622940183045
571510,0.211813230769231,0.0835520649350649,0.355056142272439,"L",0,0
592387,0.225895724783103,0.0557961397441724,0.385804416179292,"R",-0.0196369531210577,-0.0581215100965759
593495,0.201800925052411,0.0676514588657939,0.324800508751741,"R",0,0
601713,0.342911084641741,0.0425304303142581,0.291496826341976,"R",0,0
592669,0.261038624563813,0.0710595217173316,0.410993445822484,"R",-0.00370912147961328,-0.0371172413793103
594835,0.235166297683694,0.0804675973199321,0.360028489924762,"L",0,0
608337,0.240881873584906,0.0819836546845214,0.357584836065574,"R",0,0
622713,0.242221629127166,0.0885248324444496,0.359639510639126,"S",0,0
622682,0.207017642396619,0.0406448323962641,0.32598043961451,"S",0.00014,0
622608,0.357782909999597,0.0433854764835313,0.319410393139261,"R",0,0
641487,0.258074042758674,0.114746308611584,0.350501968195605,"L",0.00221428571428571,0
623214,0.221623986760125,0.0814257967741499,0.355501346168451,"R",0,0
642708,0.21347570539855,0.0320609641492543,0.337471855120671,"R",0.00677950310559006,0.0010019509125236
620439,0.364292841881718,0.0611586450129918,0.392548309679136,"R",0,0
643410,0.308288876602937,0.0602257679831681,0.32612023510348,"R",0,0
643603,0.200294720692854,0.0980648230761236,0.402387661229324,"R",-0.002,0
621295,0.224636556074766,0.0830664495028821,0.35190421686747,"R",0,0
554374,0.230281466183575,0.0843409647159422,0.358087654320988,"R",0,0
553902,0.14816559892136,0.0661966909239402,0.359918177033493,"R",0,0
592450,0.30651387417315,0.146803101041732,0.537364426026009,"R",0.001625,0.0201552950946647
595238,0.225730131791286,0.0762258321761494,0.343541329080276,"L",0,0
642086,0.299355577210324,0.0566575854111716,0.383904954361476,"L",-0.0087295918367347,0
641856,0.243272718752798,0.0910303754645964,0.395213866921189,"L",-0.0163947368421053,0
606162,0.222277227722772,0.0847507052980132,0.359149173553719,"R",0,0
640457,0.219132236363799,0.0704902108342457,0.376504946720296,"L",0.00309322033898305,0
624512,0.219021504599041,0.0855159247025146,0.368574143747203,"L",0,0
547989,0.19495150048102,0.0589900989521376,0.408285912874473,"R",-0.0105979567307692,-0.0874452867557204
642133,0.23216498688841,0.0780162906803904,0.388483048530417,"L",0,0
622491,0.302343174089195,0.0450189744686634,0.282956791850982,"R",0,0
642082,0.305492722207362,0.0892094123157989,0.363656704287906,"L",-0.00826190476190476,0
641933,0.325625289271401,0.074639426728295,0.424855397331713,"R",0.0094016393442623,0
642707,0.235828159664294,0.0752585324505892,0.323566792988102,"R",-0.00448,0
642180,0.278585768037366,0.085301529186315,0.330900170036645,"L",0,0
641745,0.221182266009852,0.0842320297029703,0.361036555808299,"R",0,0
547888,0.241558401304505,0.0819062689511038,0.350374034024455,"R",0,0
600466,0.234594755447942,0.0747392445750938,0.368052175108618,"R",0,0
622441,0.21015489795376,0.0722371505369659,0.319587937232692,"R",0,0
593833,0.224111862745098,0.082617933184047,0.356435245901639,"R",0,0
640455,0.220890116591928,0.0894234161142251,0.346582585785973,"R",0,0
609280,0.168984894031027,0.0529552466594252,0.389530745848579,"R",-0.000285234899328859,-0.0574876058506544
622663,0.2437561032317,0.0798737537714298,0.351468396008805,"R",0,0
620443,0.214749081367587,0.0731874933622968,0.306190198262113,"R",-0.00191071428571429,0
649557,0.140768263899694,0.0360711613251545,0.349320864734642,"R",-0.015635735150925,0.0209924235993209
624507,0.320722034176467,0.0548985266900751,0.350755383954777,"L",0.00185849056603774,0
640449,0.289604415104613,0.0913433422537368,0.399270890673097,"R",0.00173076923076923,0
642715,0.26994739444159,0.0916854881717672,0.376081972703742,"R",0.00138235294117647,-0.0193593123209169
641355,0.247675169177052,0.0971591285528355,0.417966110445398,"L",0.0108518518518519,-0.0552003928805286
628333,0.219292025133093,0.0702561654657367,0.335018207751456,"R",0,0
592859,0.23417443274244,0.0769531749861132,0.346251928622927,"S",0,0
594965,0.225674368298368,0.0813312609855589,0.35426345408977,"R",0,0
595222,0.285932443677234,0.0862027825022457,0.339700400970416,"L",0,0
607074,0.226268981213307,0.0791244359603763,0.358896909653814,"L",0,0
605400,0.38799462367283,0.0702611497334087,0.279927916609706,"R",0,0
596103,0.272675689353145,0.0785109669835341,0.348699453442987,"R",0.0136852146263911,0
607215,0.231423782113821,0.0850129672131148,0.360926446280992,"L",0,0
605540,0.202612986348535,0.0817860528103913,0.350869614179849,"L",0,0
605254,0.256310241834215,0.0767330689528747,0.356374816971234,"R",0,0
605233,0.376674971324995,0.0948594967973196,0.396021104606728,"L",-0.0105943396226415,0
605232,0.212926179776043,0.0829768377773153,0.343580045351474,"L",0,0
605255,0.225781421568627,0.0828561173945734,0.35900826446281,"R",0,0
605204,0.249401391488423,0.0764012228945582,0.364614006207164,"R",-0.000142857142857143,0
605548,0.329940871963416,0.0838437530775786,0.388239572241541,"L",0.0290969714618521,0.0239602409638554
607223,0.215315843991168,0.0829922494502704,0.337954869816779,"L",0,0
607208,0.180707896896909,0.0873803183368345,0.357869027483457,"R",0.0408764172335601,0.0424612932890053
607536,0.444290185205751,0.0484646443081748,0.318097502586318,"L",0,0
607752,0.248984628096786,0.0928638125929058,0.359700615460105,"R",0,0
607468,0.233753678561196,0.0931046631360117,0.347618750715414,"R",-0.00393478260869565,0
641684,0.23419800790841,0.0854537623389479,0.347583840246244,"R",0,0
624419,0.233653450733866,0.0876710938015019,0.340185072425772,"L",0,0
622168,0.221163970346453,0.0667839243653958,0.356680892386965,"R",-0.00830555555555556,0
622569,0.208481895216188,0.0898190084252855,0.368553591545031,"R",0,0
641816,0.230674855108384,0.074794840315969,0.326782104025566,"R",0,0
624424,0.251732883315352,0.115158398533388,0.422114334166036,"L",0.00649550278827127,-0.0253520352781547
642336,0.23376566757203,0.0794071802317347,0.353730198952688,"S",0,0
620446,0.299656748983669,0.068322343016733,0.358560801598045,"S",-0.004975,0
656669,0.210373864925235,0.0843563030313849,0.335791026936641,"R",-0.0230135135135135,0
624414,0.246276808046247,0.0733317436653488,0.350152120602607,"R",-0.0131764705882353,0
656803,0.222280175182482,0.0826676259095969,0.357463114754098,"R",0,0
656811,0.24893199375093,0.104364431129867,0.407351372803291,"L",-0.01525,0
641924,0.241414302791226,0.0921324831845322,0.352468613165144,"R",0,0
641645,0.145355647957267,0.0848260890499958,0.329271762491176,"L",0,0
656555,0.227222101426859,0.126341417572965,0.404711878455968,"R",0.0145694117647059,-0.0704031737906322
656941,0.275626186133098,0.125517600201202,0.427681585730696,"L",-0.000873620777457138,0.0197778625954198
642232,0.230309372262774,0.0837958707783599,0.359212809917355,"R",0,0
656305,0.234640765670064,0.0992444898050776,0.415000677402981,"R",0.0112743842364532,0.0886291329323897
656756,0.236744321212121,0.09654649375,0.358175925925926,"L",0,0
643396,0.169187610568641,0.0732714146221314,0.317171049156018,"R",-0.00606756756756757,0
643466,0.223028964227642,0.0836796885245902,0.357120491803279,"L",0,0
643376,0.188089424415794,0.0867727512427581,0.349282444374722,"R",0,0
645277,0.174332508942077,0.0599934325731994,0.352173448502159,"S",0.024827781479014,0.0261531589773729
596295,0.210609424831058,0.0741854366914056,0.344166354621732,"L",0,0
657145,0.245472442177129,0.110146410090918,0.345572476287025,"R",0,0
650490,0.179497532149992,0.0952086434187658,0.358818907288113,"R",-0.00793956043956044,0
649966,0.210270688314348,0.0793163663119182,0.348566101386954,"R",0,0
656185,0.194380899661738,0.0636607835531266,0.328152794243465,"S",0.00729120879120879,-0.0241932203389831
656257,0.221124764563107,0.083088694548776,0.36038178706189,"R",0,0
624431,0.211254935779817,0.0826082724989008,0.353680863127755,"R",0,0
592779,0.231203138317757,0.0752724830595795,0.363816383236295,"L",0,0
400284,0.166280094841705,0.0981767869460912,0.310810514660778,"L",0.0101844963345099,-0.000852267969295186
657658,0.247872531311723,0.08186999467469,0.366131660590871,"L",0,0
658792,0.225835795232274,0.0851525615763547,0.359399173553719,"R",0,0
592567,0.192925286697843,0.0774005747697482,0.368802383864544,"L",-0.0116666666666667,-0.0276847784200385
596133,0.250344104704978,0.0654322089713678,0.311908785254926,"R",0,0
605244,0.308091800466546,0.0724139962718748,0.403151113677611,"R",0,0
657053,0.246812552752294,0.0819414526882402,0.357351288779133,"R",0,0
622694,0.254399189845663,0.0804026613167516,0.354128225806452,"R",0,0
656794,0.397657270174356,0.062149277956344,0.288254372009569,"L",0,0
592866,0.271410603417731,0.0530221146856352,0.278515285458826,"R",0,0
596043,0.205811893092545,0.0836551659162798,0.356094705821482,"R",0,0
650402,0.237825518049536,0.0855341581374397,0.401844871939207,"R",-0.00518292682926829,-0.0340851398601399
608325,0.226693745627706,0.0554058848383005,0.330290278381905,"R",0,0
622446,0.251811179267428,0.0765798587426842,0.355371683171989,"R",0,0
642423,0.24262073647539,0.054483069928709,0.301797876162422,"L",0.00483333333333333,0
657077,0.180783069487883,0.0892082029872873,0.356510525783566,"L",0,0
606988,0.244048560011389,0.0965953099478284,0.366057770544095,"R",-0.0025,0
622497,0.22758498849894,0.0591073856535873,0.340692557150452,"S",0,0
641154,0.252551632478632,0.0849325096903054,0.355742476169282,"L",0,0
641583,0.230310996650663,0.0638992812612378,0.353190569648822,"L",-0.00728260869565217,0
650619,0.239196245416745,0.0859014262404471,0.357304998740871,"L",0,0
657656,0.245920450086282,0.0869521477167747,0.401010641105413,"R",0.0256875,0
628452,0.223447949029126,0.0833253219997564,0.357873360655738,"R",0,0
595453,0.263093428043428,0.0813404492430017,0.351063469292246,"R",0,0
620454,0.217963247524752,0.0843544597482621,0.359344628099174,"L",0,0
630111,0.261763486231306,0.0783557606310642,0.403119263255541,"R",0.00381914893617021,0
659275,0.3635125376343,0.0507706669241149,0.339943467640393,"R",0,0
656222,0.223539783251232,0.084471,0.359280991735537,"L",0,0
660162,0.325707458236013,0.108063323183118,0.397393750551284,"S",0.0127613721103654,-0.00881598021791206
623395,0.21256038647343,0.0858563843648209,0.359853086419753,"R",0,0
592169,0.238545179723502,0.0816173202898568,0.356189024390244,"R",0,0
624133,0.220677200945626,0.0829129241602221,0.354212601626016,"L",0,0
642770,0.257952364080121,0.0812210008889288,0.3531724784689,"L",0,0
642571,0.230395079518072,0.0821600879904752,0.364467293513217,"R",0,0
646240,0.253151588194544,0.066083126402766,0.381780478814226,"L",0.00463793103448276,-0.0385354087597948
408314,0.153025147953002,0.0854545787742902,0.28641568893324,"S",0.00828965517241379,0.00539857165529281
425509,0.221887429211206,0.0795051126346707,0.34544040247678,"R",0,0
607200,0.25373598343166,0.0779552169209394,0.338533311848613,"R",0,0
656546,0.315945725,0.0437005313385407,0.330751080179788,"R",0,0
408234,0.195294615386195,0.0938336615881307,0.403301175093288,"R",-0.017851012145749,-0.0203892548768788
641571,0.235746844839371,0.0847275210846165,0.364449405835752,"R",0,0
656427,0.284436901274647,0.0699219459891035,0.327306238279601,"R",0,0
664641,0.247979589285714,0.0772744671398052,0.351539759036145,"L",0,0
621493,0.271287403301012,0.0804569085790638,0.346550028565307,"R",0.0041,0
664167,0.223245548797884,0.0772610637575201,0.356330308014354,"R",0,0
595375,0.204561500649198,0.0556600215251441,0.328158812914437,"L",-0.0159218487394958,0.0614051301496809
608324,0.120691425177285,0.120095655367818,0.380524893830892,"R",0.00528520649270598,-0.0163763333504608
596012,0.291301728442728,0.082547851833928,0.356157419892707,"L",0,0
621028,0.230064283588064,0.0757448465136663,0.334264057039944,"R",0,0
621514,0.201832644591515,0.102244770391682,0.359264157552973,"L",0,0
621453,0.261224371384815,0.08123007627353,0.355261106843422,"L",0.0176219512195122,0
622046,0.276614055865339,0.0872470638174317,0.353342832472512,"L",0,0
621466,0.212738361315328,0.0908212662833897,0.358061469869843,"L",0,0
656798,0.262872849739001,0.0735505777039504,0.3528968,"R",0,0
641432,0.229060327712555,0.0747164970833538,0.346054297654363,"L",-0.00438571428571429,0
664028,0.235523368770764,0.0826569617139625,0.3502656,"R",0,0
642701,0.223844366336634,0.0837954635761589,0.36447956621456,"R",0,0
643217,0.161372763684287,0.101663584993969,0.378499377282842,"L",0.0101474404868445,-0.021925453254823
664023,0.347083753272773,0.117878076923284,0.454938725738835,"S",-0.00903129210042866,0
656775,0.202679711206231,0.0949464994103807,0.334571869709874,"S",-0.00176666666666667,0
664057,0.261330112157988,0.0809132474116424,0.336224293928098,"L",0,0
664068,0.25336912120992,0.047766803432057,0.337023100411237,"R",0.00513265306122449,0.0192297632468997
664058,0.138342583170125,0.0629330956484796,0.32232221490162,"R",0.00575,0
657557,0.252030653290364,0.0728955712502055,0.40360508093198,"R",-0.00208550724637681,0.0763453352751723
664196,0.217283950617284,0.0857155537190083,0.359676446280992,"R",0,0
664056,0.279872360473789,0.078076313519977,0.381815083806757,"R",0.0156739130434783,0.0702904243212486
664842,0.217735849056604,0.0878910898785317,0.356573577235772,"L",0,0
664869,0.214773541463415,0.0827353839670094,0.358011868362703,"L",0,0
606424,0.262301559577677,0.086358734317313,0.357003278688525,"L",0,0
621573,0.194914677860528,0.0759168062123774,0.348435135955187,"R",0.00720588235294118,0
605119,0.197999967485053,0.088424405966414,0.369800349287982,"R",-0.00376923076923077,0.00369389228615634
605498,0.309851329096092,0.0730562032291699,0.335920421459839,"L",0,0
621020,0.232779291950802,0.0706499306719614,0.341193679097382,"R",0.00868872549019608,0.0492127897033951
663656,0.206662052859351,0.0885966826445462,0.336444768547876,"L",0,0
642545,0.217914691943128,0.0833516242110081,0.352362903225806,"R",0,0
645302,0.200233167670288,0.0741562375904019,0.362459618577278,"R",0,0
647336,0.21343896713615,0.0809845715908755,0.353154014241043,"R",0,0
660670,0.243495554390234,0.0947610297551067,0.43814876472212,"R",0.00582432432432432,-0.0556200214515552
660853,0.227421521686747,0.0828135144806291,0.355147154471545,"R",0,0
429719,0.339112352686003,0.0623256556193902,0.359519995549127,"R",0,0
430001,0.369107986314443,0.105003947195424,0.391847005772006,"R",0.00552702702702703,0
628317,0.170343282498023,0.0379677210916591,0.258485894824711,"R",0,0
408045,0.159212376582936,0.0912168446439628,0.367540844834353,"L",-0.0177643658904339,-0.0317622100125155
642547,0.271889891666667,0.0690195260845165,0.338657216606109,"R",0,0
645261,0.258741142975207,0.0830575010259667,0.355178455284553,"R",0,0
547957,0.195281658900399,0.101665400726422,0.34218264221159,"L",-0.00146875,0
628338,0.155032026302044,0.0915382790105963,0.298606624536947,"R",-0.00836380487804878,-0.0384189415041783
407812,0.259755605518684,0.112533989795635,0.414777321066795,"R",-0.0125571428571429,0
596071,0.303523490629882,0.0916262464497234,0.351643057071815,"L",0,0
622766,0.211538461538462,0.0815277771944825,0.348068452380952,"R",0,0
656738,0.217425066666667,0.0848115908570727,0.359230991735537,"R",0,0
430832,0.272107034110523,0.145658452647373,0.376487901662904,"R",-0.0117173958442101,-0.019068523587184
664040,0.232958249229383,0.0960440408389878,0.38145081738437,"L",0.000569767441860465,0
519043,0.286307437828033,0.064790415639349,0.314739811175666,"L",0,0
433217,0.230930562514274,0.0707499505179767,0.313512761873868,"S",8e-04,0
408236,0.193477081296583,0.0659564549973968,0.333286276272919,"L",-0.0296212832550861,-0.0344083832335329
493329,0.115468994904636,0.0507905436250075,0.33702909912955,"R",-0.00812277824798984,-0.0976747443594556
641712,0.217283950617284,0.0857155537190083,0.359785537190083,"R",0,0
666971,0.221185518046019,0.0611574410881129,0.385105386259116,"R",-0.00656153846153846,0
628336,0.16553625396414,0.0665670175751848,0.351071788055999,"L",0.00025,0
641658,0.219081474348644,0.0974636204754036,0.360410448726238,"R",0,0
666969,0.24165683073315,0.0805175345317222,0.348150671696724,"R",0,0
670950,0.261540232297121,0.0746489771499238,0.335020865404618,"R",0,0
641778,0.258423719414975,0.0766154085830905,0.332976167773915,"R",0,0
664192,0.298191892469471,0.08256348156265,0.344629694069885,"L",0,0
584171,0.217283950617284,0.0851630876033058,0.361312809917355,"R",0,0
657571,0.23377990430622,0.0863823689320388,0.361446801709938,"R",0,0
669720,0.233591506209292,0.0653692351669096,0.360573956729769,"R",0,0
666561,0.233678822232813,0.0868174446239983,0.330747695579275,"R",0,0
621111,0.298177187383289,0.0796595186260171,0.343887850307587,"R",0,0
669456,0.227432911961722,0.0844449658360911,0.363777684524276,"R",0,0
425844,0.233009061717439,0.0492137118578274,0.323706122372839,"R",0,0
660271,0.267583904747585,0.0938479925453739,0.454880063795853,"L",0.00068421052631579,0
628318,0.23133904541768,0.084873829787234,0.362971900826446,"R",0,0
467100,0.42406927157208,0.0313978638480519,0.262879299895507,"R",0,0
669060,0.214773541463415,0.0838461673378604,0.358549590163934,"R",0,0
665742,0.201266928855152,0.120839686746663,0.403098929087298,"L",0.00318965517241379,-0.0460012158054711
477132,0.215921083628925,0.0711430009884224,0.291253051167099,"L",0,0
444482,0.193684074962159,0.0696929797901783,0.411873823566471,"L",0.00100665362035225,-0.0401931494015358
429665,0.21449864428648,0.112376132295556,0.416430876982403,"R",-0.0327122832302757,0
430605,0.290872307954545,0.0753376607364141,0.382916259832941,"R",0,0
425794,0.286458165824826,0.0572200834637577,0.353526535580302,"R",0,0
444468,0.209795961904762,0.0839473161290323,0.357965432098765,"R",0,0
467793,0.14087517476109,0.127907852183501,0.337397336155559,"S",-0.000990683229813665,-0.0551523131877629
446372,0.231616282236389,0.0821689145566714,0.356891391146891,"R",0,0
446381,0.180544661146064,0.049948553885423,0.311102669065827,"R",-0.00480232558139535,-0.000519014084507042
443558,0.212014545072534,0.0945539098314175,0.433115654626921,"R",-0.0215740591397849,0
476883,0.271198915126117,0.100017276568258,0.393894828354738,"L",-0.00543333333333333,0
446263,0.275217333024537,0.0916412322589078,0.407265168125853,"L",-0.0233796820958128,-0.0718878694634281
458681,0.33429504034086,0.0531500662468843,0.301403225030127,"S",0,0
475174,0.224740181938455,0.0861149596073273,0.387968145683667,"L",-0.0103581350169985,-0.0710838018765197
518902,0.251478515436081,0.0690526629505654,0.315136310441077,"R",0,0
488721,0.27498391289018,0.0753675358877694,0.342470185689378,"R",0.00014,0
434563,0.245051033021352,0.0952198915642332,0.369612764454949,"R",-0.00616666666666667,0
468504,0.225751041546608,0.0422317281501833,0.277518720485731,"R",0,0
446359,0.160195062367831,0.0894094777961823,0.328637386176663,"R",-0.00314358394573205,0.0256871900826446
446386,0.219401793693926,0.0862629435160633,0.331417848693855,"R",-0.00345192307692308,0
446399,0.213592233009709,0.0850446666666667,0.358495061728395,"R",0,0
519144,0.229828240709172,0.0792136123065653,0.369146893810773,"R",0,0
488810,0.257952381364562,0.0742453882446686,0.363051786283892,"R",0,0
444489,0.189658015787481,0.0586103431609882,0.361757445481478,"R",-0.0186034712950601,0.0990772261849091
502029,0.218888316546356,0.0758033942973047,0.33082030230535,"R",0,0
501593,0.232662815789474,0.0851990520594879,0.361414814814815,"L",0,0
547379,0.312555378991755,0.103956757336686,0.348144446267183,"R",-0.0119421122403889,0.0289749741468459
502046,0.324755552038605,0.0875614444441353,0.358074074074074,"L",0,0
502054,0.238600862128418,0.110708551710016,0.441741113144792,"R",0.0164633325729927,0.0114795236515424
434604,0.279220962514389,0.0792991082207954,0.369300201707477,"R",0,0
435063,0.317348589871534,0.0950190818218992,0.413401649531993,"R",-0.00808870967741936,-0.0273659846547315
519048,0.231593892635415,0.104389756333401,0.40797158322393,"L",-0.0187267265641914,-0.0425467331831349
453923,0.262409985151989,0.0934257960491694,0.325696506645709,"L",0.0221421568627451,0
453286,0.19528278789597,0.0514747366730312,0.29679955847609,"R",0,0
455139,0.308790988450368,0.11116285159903,0.418603181501344,"R",-0.0205962389380531,0.0373789771503728
425783,0.232130573548316,0.12085689131017,0.414563131836072,"L",-0.00536099108209984,-0.0527579110012361
429722,0.232327861946903,0.0737676161147852,0.359985711928725,"R",0,0
519008,0.298625915920166,0.0743427759389869,0.356814964425871,"L",0,0
502188,0.327544936426284,0.0410650147066522,0.311306033634011,"R",0,0
429711,0.237179806143123,0.0917931610586684,0.367676820614711,"R",0,0
456078,0.241798970415562,0.069208272655446,0.416255668989384,"R",-0.0198348214285714,0.0445011817819679
429664,0.138464907470837,0.0762789048101778,0.389146361750917,"L",-0.0045625,0.0327536305124708
434671,0.325198603451197,0.0644447519043829,0.333299622775745,"R",0,0
518586,0.256456896222362,0.0586063112188537,0.37341227059294,"R",-0.000747787610619469,0
445988,0.165921797545303,0.0681161372889479,0.320570499751818,"R",-0.0244834834834835,0
490063,0.267007422216255,0.0681395863106949,0.314899308096444,"R",0,0
459964,0.213248445927498,0.121094443668765,0.363288957487652,"L",0.00028595231991797,-0.0223541345093716
471083,0.224111936697301,0.0831952711941293,0.321365651477888,"L",-0.00944736842105263,0
457477,0.234207485110161,0.0636850535827704,0.321871555980861,"L",0,0
434622,0.245275520930233,0.0816352374940834,0.362115973275761,"R",0,0
460026,0.280935004615481,0.0581970935055982,0.401080031804615,"R",-0.0140343440594059,0.0426890003642416
460060,0.277555614333454,0.0952500369261953,0.334627290819249,"S",0.00167241379310345,0
460075,0.189505263036192,0.0650283067686819,0.395143648971438,"R",-0.00318792307692308,-0.0187652075086782
460077,0.215514944120071,0.0762156320390257,0.300611535263949,"R",0.00419225806451613,0
425772,0.293636690769109,0.0776181827151704,0.318912478522244,"R",-0.0176130434782609,0.0437050458715596
519203,0.1238647175382,0.0860193314550567,0.377514244973348,"L",-0.0238378293992756,-0.0494087625367619
543333,0.212774037904156,0.0811876796862863,0.360962480511981,"L",-0.00745765510733664,-0.0795820725429068
453064,0.162871352337773,0.0684591441586503,0.332227454960012,"R",-0.02,0.00648896797153025
453329,0.278312345395625,0.0765314571276675,0.340343024062132,"L",0,0
453385,0.372894168596021,0.0422555038568865,0.310488466118946,"L",0,0
425784,0.313243916872887,0.0493238400781497,0.417467208815452,"R",-0.0154324324324324,0.0409727052690374
434567,0.214581460064935,0.0922976108308428,0.374722841597155,"R",0,0
434658,0.224511847089721,0.0598802987189268,0.310173505873188,"R",0.0170397308961665,-0.0104023255813953
519346,0.336136066020859,0.101961813818261,0.444351124449042,"L",-0.000138586956521738,-0.0388817640882044
112526,0.301020562031676,0.0675976962736322,0.328165426997245,"R",0,0
429666,0.18020143585863,0.059929378117179,0.314036981585127,"R",-0.0128972602739726,0.00771983012087553
463610,0.214450117465931,0.0788299852932795,0.348279771560275,"R",0,0
445060,0.229756336848559,0.0911667756971602,0.350174698795181,"R",0,0
455755,0.161954873357837,0.0782377058488082,0.293128573029967,"R",-0.00120588235294118,0
455759,0.228429985791911,0.101429775673542,0.334175821186841,"R",0.00662738095238095,0
502210,0.160572639940876,0.0951361390125,0.332350603026963,"L",0.00538059701492537,-0.0239521067742954
400121,0.104082377248331,0.0673217007748746,0.322979230041502,"S",-0.033028072517743,0
502317,0.26489531315267,0.0796233680427329,0.324729711797249,"R",0,0
450172,0.258939640784172,0.0670800931715744,0.335929171955864,"R",0,0
466320,0.137257218804772,0.0732482921331089,0.353650196564047,"S",-0.0211153846153846,-0.0444997722095672
502327,0.228450968674699,0.0822193761460384,0.356430737704918,"R",0,0
282332,0.241250577777778,0.0861550954242492,0.357687037037037,"L",0,0
466988,0.19658942663879,0.0672860823741535,0.318095718962478,"S",0,0
451594,0.205828214391547,0.116686359796116,0.328993307776832,"S",0.0112468926553672,-0.0828100952819098
489232,0.218809885321101,0.0807763398212353,0.361239997721577,"R",0,0
488846,0.250099575471698,0.0802735766809921,0.360796913580247,"L",0,0
467008,0.216497061425061,0.0846439077429984,0.357521721311475,"R",0,0
547749,0.213592233009709,0.0850446666666667,0.358732716049383,"R",0,0
430947,0.164886618632985,0.0663300733256354,0.302696556247282,"S",-0.000666666666666667,-0.011147288776797
488726,0.101993760967669,0.08226815520726,0.363961923170189,"L",0.0157641025641026,-0.0500169469533074
502706,0.332764363621593,0.0716074300182904,0.331428772778439,"S",0,0
491676,0.249002036230656,0.0707460158207904,0.352856846860401,"R",0.00120378521126761,-0.0188609849601887
453562,0.416816286531807,0.0702992758249921,0.334635387855388,"R",0,0
488862,0.145669548408685,0.0816946549486384,0.350012726634769,"R",-0.0202977528089888,-0.0069373063170441
475582,0.183504935452423,0.0902610884041852,0.410349605059401,"R",-0.000475245098039216,-0.0708420742476437
435062,0.192294454199875,0.0448925318706581,0.390060720728564,"R",-0.0251013736263736,0
450308,0.266117502192982,0.0738341364793339,0.349561309523809,"R",0,0
446653,0.229922376628433,0.0952675284059895,0.325762876918329,"S",-0.0025,0
453203,0.164412357980576,0.0781188570957072,0.301208730839434,"R",0,0
452220,0.203637948497635,0.091484649435195,0.339146618305294,"L",-0.00106521739130435,0
456696,0.217963247524752,0.0851330992960649,0.362176446280992,"R",0,0
446308,0.18405303475544,0.0940211224269199,0.331071545649512,"S",-0.0189788189987163,0.0620371066709228
458015,0.152899119350476,0.151705460864278,0.402653171380634,"L",-0.0307038314176245,-0.0352485557701756
502517,0.121890772491276,0.0551911487311276,0.37172407010956,"L",-0.0121602564102564,-0.0420209801374919
543022,0.203952641910257,0.0500483302759038,0.284961323423166,"R",0,0
475100,0.267444801276596,0.103388736556271,0.360934858264873,"R",0,0
476451,0.25367467518253,0.0633274964853302,0.275159695352761,"R",0,0
456124,0.191766471830426,0.065298327123531,0.342928445411048,"R",-0.00841044776119403,0
476704,0.186916321876452,0.109072172913924,0.373374218720531,"S",-0.00488353940302236,0.0306217471792126
461235,0.295220641879713,0.0938025722400895,0.421307287804428,"L",-0.0025,0
519455,0.211946902654867,0.0893284233128834,0.355359527160146,"R",0,0
434628,0.231941937215129,0.0753742364262588,0.342327871188373,"R",0,0
434672,0.215686274509804,0.0815072960526316,0.357707407407407,"R",0,0
516770,0.193351020119854,0.0666509187757804,0.365178633681328,"R",-0.0023125,-0.00848211275026343
431145,0.226901080182006,0.144638111253985,0.339477301279944,"R",-0.0237142857142857,0.0521651374933897
435221,0.401069386437491,0.0826960064217757,0.353834221484906,"R",0,0
450203,0.244038955940898,0.0821935258545478,0.355320304103837,"R",0,0
519184,0.101963218822826,0.0650819909331156,0.32047044354209,"L",0.0114266055045872,-0.038588219454729
452104,0.264352780278179,0.0999691092602445,0.354585760219819,"S",0.000193877551020408,-0.00989161118508655
453056,0.165558562779515,0.0932133837182864,0.345394165756134,"L",0.0113482142857143,-0.0137474414570685
430912,0.341584031500879,0.0588961352851754,0.358605153720859,"R",0,0
434158,0.249914760762907,0.126720850619988,0.39681023740448,"L",-0.00296540567446491,0
433587,0.214773541463415,0.0817669720132637,0.35205685483871,"R",0,0
533167,0.22757486097561,0.0835707607502435,0.36380938035324,"R",0,0
542642,0.261712335173366,0.0947676928188995,0.356820205741627,"R",0,0
448179,0.306285848928573,0.0329498775244752,0.287712710289428,"L",0,0
435263,0.175833035648173,0.0910712181244779,0.318882370041487,"L",-0.0196237113402062,0.0082063112078346
502481,0.146519020463255,0.0780425492171954,0.267871872286883,"L",0.0328650665590964,0.0241748962655602
543557,0.327741139714789,0.049410659857333,0.336891725312108,"L",0,0
460576,0.260517270889401,0.0650714090846251,0.355006842877643,"R",0.00242203389830509,-0.0411113536253462
519058,0.166698941356196,0.0629234402275796,0.366886165423615,"L",-0.0186655405405405,0.000812709854693173
542255,0.127994482935642,0.0608745493448393,0.308703434541513,"L",0.0152076436222006,0.0403304012229855
452657,0.311022049887725,0.0654814096783955,0.318258959365337,"L",0,0
518792,0.123422989766747,0.0798715062316397,0.324522310118257,"L",0.0065779902512186,0.0040975433113958
519317,0.291959553033508,0.11038526965099,0.459150688658633,"R",-0.00748244566515405,1.09747732642294e-06
452672,0.228797660392252,0.0666171226124008,0.340840702268869,"R",-0.0105,0
452678,0.197744200349409,0.0759277414186904,0.375711564381162,"S",-0.0233575963718821,-0.0262415094339623
472528,0.329473543715161,0.0855433868393651,0.374616840372459,"L",-0.0116137820512821,0
477569,0.229354871175523,0.0814980877977623,0.366946417390277,"R",0,0
430935,0.268818196264785,0.0783582293086519,0.347340603170898,"L",0,0
519390,0.192009810140742,0.0719490367186139,0.345129247439123,"L",-0.0105,-0.0305184754742779
518626,0.222986371475977,0.129438415529967,0.416362231432562,"R",0.00577808032675289,0.00255635179153094
527043,0.205386629040717,0.0864155511052771,0.308715517379135,"R",-0.008,0
460086,0.219382905610427,0.0808726151110261,0.361937207185908,"L",-0.000727285796434732,0.0398044121040688
453281,0.261135249707085,0.0791678483537646,0.363811893376621,"L",0,0
457708,0.28705396357273,0.107102423650144,0.461120886694897,"R",0.00617372958257713,-0.0369288260782494
457727,0.198795338181044,0.103686046365235,0.329191648590445,"R",0.00771236230110159,0
445055,0.1662181710361,0.0554903202901005,0.325572829701414,"L",-0.00217757774140753,0
457759,0.122084554418571,0.0991120355738196,0.402454710996571,"R",0.00283076923076923,-0.0068107528957529
543194,0.257782479179666,0.0912244846956005,0.367142731903071,"R",0,0
543257,0.167460138192463,0.125716601421084,0.338276891918864,"S",-0.0145017588430721,0
521655,0.217821782178218,0.083002321192053,0.357372950819672,"R",0,0
506702,0.244361616246763,0.0732040971654398,0.30285774226829,"S",-0.0224265036351619,0.0756999493218827
465041,0.203432920888324,0.119793509859862,0.375004778526896,"R",-0.0123757122507123,0.0747611754009218
488912,0.305300540990343,0.0631528759426587,0.328675725179426,"R",0,0
543305,0.178560018909821,0.144360755231266,0.382097311444434,"S",0.0241113138686131,0.00668029171426061
502100,0.179912901029956,0.0724454245834318,0.368288165089758,"L",-0.00854225352112676,0
502117,0.229550792607191,0.0856286109828575,0.343998782902663,"R",0,0
502151,0.274357652502051,0.0911639319984216,0.36081226772004,"R",0,0
543063,0.215434022194216,0.0687630701372557,0.35408611856883,"L",-0.0079150110375276,0.055400673915502
500208,0.143236517996806,0.0643461065624283,0.320661679759613,"S",-0.031320056352459,-0.0304826269954824
518692,0.193217355880882,0.0779187718874547,0.439921414654061,"L",0.00240455840455841,-0.0406188861220703
501381,0.235540746445498,0.0821686850340126,0.362256826934298,"R",0,0
501571,0.202293922660266,0.0605200212674867,0.328198071607613,"R",0.00697872340425532,0.0598228187919463
492802,0.171286118616785,0.0464268081847913,0.323819436578459,"R",0,0
502748,0.236636413333333,0.0859234031159295,0.36926532524493,"R",0,0
519295,0.23532379308541,0.0610356661777706,0.335486915103642,"R",0,0
467055,0.204925437628799,0.0739347778119577,0.346279738410371,"S",-0.0173109521188773,-0.0145417213431108
514888,0.135689471435089,0.0855756044968047,0.370273523453476,"R",0.0174486188636038,-0.00604825042040096
520980,0.230530113253012,0.081418538870873,0.357255737704918,"R",0,0
543459,0.224657,0.0755002460883225,0.344118023255814,"S",0,0
445926,0.277663402714932,0.0795769025416121,0.358603703703704,"R",0,0
537953,0.187330618037168,0.103662538227868,0.375845829732521,"S",-0.0037375,0
596847,0.241441562469261,0.112719745326275,0.403392149223326,"L",-0.00682786885245902,0
517369,0.184028422505603,0.0637420342027825,0.332501697329053,"R",-0.012102079551081,-0.0104790533142424
501659,0.235207304594529,0.0935916599478974,0.339554104525597,"S",5.39130434782605e-05,0
519222,0.238302195623511,0.0640800084929916,0.355266714366905,"R",-0.0190053571428571,0.0358545171861172
503556,0.219389620520512,0.0919128623792583,0.382480919274777,"S",-0.00741348430262481,0.00484277673545966
543377,0.217865790780911,0.0824406128621389,0.34901816355601,"L",0,0
543309,0.21995463118624,0.0822404474811766,0.333974085926173,"R",0,0
514913,0.153351316316062,0.071553531589486,0.327142630509743,"R",-0.0153780487804878,0
518516,0.302178836258551,0.0725672787894086,0.372195189106826,"R",0,0
457454,0.370948329130322,0.0791171247484723,0.341965571631287,"S",0,0
461314,0.228561119207875,0.0700756408932642,0.430359302110125,"R",-0.030645324597975,-0.110244928090575
519023,0.201150428638247,0.0839623367687831,0.334212858220296,"R",-0.00917857142857143,0.0194524642289348
519306,0.269847030049863,0.113599975022134,0.386771394782968,"R",0.00873536036036036,-0.071191828429192
506693,0.238898937694704,0.0804794796989038,0.356081707317073,"R",0,0
454560,0.200409179855134,0.108548793470471,0.335140456766749,"R",-0.0221470588235294,0
448855,0.252878762567042,0.0474744500275777,0.289113081238628,"R",0,0
541650,0.205555987182391,0.0436903684869901,0.349639997889574,"R",0.00458088235294118,0
541645,0.262653171232384,0.0492485100878538,0.411511367154159,"R",-0.00250260910815939,-0.0586282840440165
527038,0.105153813994977,0.0595393388723599,0.322307737101085,"R",-0.0213,-0.0424888888888889
501697,0.258656927916121,0.0770458241212691,0.364933262340997,"R",0,0
444379,0.212343000007896,0.112075219142295,0.358930276150028,"L",0.00221428571428572,0
136860,0.20330704870069,0.0723682238479071,0.338235768244321,"S",-0.00966279069767442,0
544725,0.244527811770053,0.0378335927208579,0.356235313572164,"S",-0.00155634987384357,0
455976,0.118406970381472,0.0920519633777756,0.357765665469395,"L",-0.0112821759259259,-0.0445174169949802
516416,0.117873313823965,0.0489608506489043,0.332033317851029,"R",-0.00267416666666667,0.0279885086183825
491696,0.172691465282699,0.0401095014204488,0.294898689433576,"R",-0.0178483365949119,0
517414,0.236643817982456,0.0690391566774843,0.344169186046512,"R",0,0
449107,0.170035256743738,0.0680809600954425,0.317470771929825,"R",0,0
544369,0.129212386716855,0.0704833774136911,0.34035220783997,"L",0.010686237928007,0.0696526693148182
542436,0.263254197842917,0.0862944970380628,0.33781724137931,"S",0,0
501213,0.2583768728,0.0782286180565499,0.345285150595019,"R",0,0
431094,0.181533787421384,0.0980538095923485,0.318273919926822,"R",0,0
500871,0.20057965524149,0.0654672074181031,0.380217183119797,"S",0.00237062990913291,0.0121355289634228
502110,0.2304547613737,0.0925951040858429,0.530922062636014,"R",-0.0276040336134454,-0.0472574269995768
435079,0.121856949033697,0.0755588041066648,0.309923672426043,"R",0.00312365107913669,0.071389635805907
452718,0.23117178277512,0.0851990520594879,0.358433950617284,"R",0,0
502239,0.222050251010328,0.0697729196804364,0.35438448320214,"R",0,0
444843,0.255024905823376,0.0757146323320585,0.386934995891934,"L",0,0
543706,0.106394275592223,0.0766310153822543,0.307335358246018,"R",0,0
444857,0.303107046990935,0.0503804693446771,0.312989206025866,"L",0,0
488681,0.231249656228881,0.0889748805157038,0.367477563489142,"R",0,0
444876,0.150716036247036,0.047144135112026,0.289557832627804,"R",0.0105224867724868,0.0256734306654429
502042,0.252967598888872,0.0770524320274999,0.339281659300924,"R",0,0
502143,0.205695531261821,0.0797893684632489,0.379131001527785,"R",-0.0341857838364168,-0.0458560975609756
430945,0.156133015971073,0.0394425097816622,0.355399115487113,"R",-0.00162990851513019,-0.0761380832594612
134181,0.194427126820678,0.0756198531611083,0.385984913127262,"R",-0.0222923296978366,0.0572505791885836
543606,0.213085986719134,0.0789316781358831,0.344331800551161,"R",0,0
543590,0.321575118653708,0.105520203824242,0.382151992744098,"L",0,0
474699,0.242481999391727,0.0556889391098411,0.334645345802523,"R",0,0
451192,0.25350219167142,0.0559496722391713,0.356851964915928,"L",0.00365254237288136,0
518553,0.226501584752636,0.0815624939785597,0.359362274866768,"R",0,0
474568,0.196003483672016,0.0707534121350494,0.352638036525458,"R",-0.00736878868258179,0.0333313795486786
502171,0.262313009402376,0.0815604577623246,0.346358937005485,"R",0,0
435064,0.234905534150723,0.0745525839088928,0.318829796650718,"R",-0.0193510638297872,0
543408,0.352361111027569,0.0670285412557605,0.3488163931234,"R",0,0
446481,0.331704270452917,0.104822062906264,0.345929993969208,"R",0.00694444444444444,0
520471,0.21945076896704,0.0688322586392297,0.328074302913358,"S",-0.000462962962962963,0.0294977626112002
471911,0.227996967891475,0.0836366142572469,0.350055813165597,"R",0,0
488818,0.313936776319131,0.0614888265165677,0.343825112897156,"R",0.000642857142857143,0
543776,0.189051955674327,0.0784291375639529,0.302613937505246,"L",-0.00155714285714286,0
543213,0.247148311392405,0.0794285493557947,0.349391974518749,"R",0,0
527054,0.201806803578214,0.041280131100322,0.277147117445035,"R",0,0
518693,0.23161525,0.0844924285714286,0.358087654320988,"R",0,0
456488,0.136998173027929,0.038586249196406,0.321634471778943,"R",-0.0125312888520514,-0.0157990113219582
519083,0.22968864725305,0.0750783492972626,0.353498663507545,"R",-0.0074811320754717,0
444432,0.243301424532295,0.07610067584131,0.393642463720766,"R",-0.0107675799086758,0
458085,0.233715847318462,0.0951063178798419,0.322237483039349,"L",0,0
435622,0.235506866837924,0.0802803861526649,0.357320385713715,"R",-6.84210526315791e-05,-0.080446535026409
455117,0.246631063913349,0.0430024170516888,0.327852135801267,"R",-0.0178304713189624,0.0841546179372358
456501,0.23687125802748,0.0447766909711881,0.284022381110709,"R",0,0
502624,0.379247195320169,0.0393732522423101,0.300209269647473,"R",0,0
453178,0.198648346760386,0.0907694156672945,0.357719394741095,"R",0,0
519025,0.280750539660772,0.0710595326367758,0.382255293950448,"R",0,0
425877,0.136886410655481,0.0453170432736804,0.358405037307789,"R",-0.0239969512195122,0.0660177768685051
456068,0.225321885550787,0.0853395010143649,0.345170588235294,"R",0,0
448306,0.233100714159664,0.0810793859043793,0.358278304908165,"R",0,0
543362,0.253615255183413,0.0747112062433755,0.355739997721577,"R",0,0
543376,0.246473618524039,0.0510000981746292,0.338039768017788,"R",-0.00723431077007399,0.0483139306701575
543339,0.223399014778325,0.0850225544554456,0.359190082644628,"R",0,0
458913,0.244143061903934,0.064487040562597,0.325231380306116,"S",0.0208928386092372,0
518542,0.207166437542204,0.0747592771828322,0.330323636677902,"L",0,0
523253,0.198145677604896,0.110121215392843,0.313662328230227,"R",0.00274348739495798,0.0171324677424485
527049,0.285958170513775,0.075784051856054,0.348617884663813,"R",0,0
571602,0.330519902570161,0.0965057344754855,0.437882530818593,"R",-0.01972800645682,0
489138,0.26652150073815,0.0701255589635681,0.360858498686556,"R",-0.00376923076923077,0
489334,0.223372382018825,0.0948543195808964,0.367796394395079,"R",0,0
471865,0.225726498359685,0.0796226147926119,0.373751772840641,"L",0.00528676470588235,-0.0237479132923435
521692,0.198108633920142,0.0385133116862812,0.389859466576701,"R",-0.0250116279069767,0.0965160090582573
460269,0.24395923216822,0.0883361082251843,0.344883341905721,"R",-0.00464285714285714,0
452234,0.211714778178717,0.0883860304589849,0.391362880003501,"L",-0.0120135135135135,-0.0352071428571429
492841,0.268131212185191,0.0917685526220332,0.344660451990524,"S",0,0
457918,0.238722145575849,0.0851071692683701,0.360976898423689,"L",0,0
457926,0.215717418352348,0.0753097208849733,0.319476528968686,"R",0,0
451089,0.229409462021565,0.0700554037756624,0.35480690659455,"L",0,0
450314,0.119999659089308,0.0976639859476906,0.345006275912327,"S",-0.00646919964028777,0.01909955654102
461829,0.390900665962261,0.0444522129556761,0.28403657314295,"R",0,0
461858,0.298343946714339,0.0827458259905409,0.360108429227894,"R",-0.01174,-0.0104613861386139
488671,0.354792579135838,0.143909379240471,0.453502381145599,"L",-0.0151107142857143,0.0184566682950659
519037,0.274079684468404,0.0844349204504111,0.359085540117777,"L",0,0
435522,0.210542269969666,0.0995548909191469,0.355681004547616,"S",-0.00107139440325281,-0.00400951638065523
502082,0.1690648155322,0.0810853529505546,0.373810968115451,"L",-0.0025,0
543475,0.287982312574603,0.0966622627330161,0.339638582215655,"R",0,0
543548,0.261960676960535,0.0904658965443463,0.342024628426682,"L",0,0
448602,0.271924242135222,0.104916653588164,0.423123463521383,"R",-0.02348538654934,-0.0339452685421995
448605,0.245061358206751,0.0687195848774321,0.362796474751868,"R",0,0
503449,0.209982846582985,0.0796761395765336,0.355981438064859,"R",0,0
518595,0.179253891874813,0.0544689963913747,0.360589384942347,"R",-0.0086875,0.00702119050706783
571841,0.22406641612997,0.0875347344752892,0.317403216497904,"S",0.0041,0
500743,0.132153190091924,0.0456580067523568,0.310745997577805,"R",-0.0138666666666667,0.0837576719422571
453943,0.232017778989189,0.106716838581982,0.356054265327745,"R",-0.00785066548358474,0.0428645647017123
452027,0.211538461538462,0.0824668636363636,0.356706142272439,"R",0,0
453568,0.192586809783089,0.0720964284421698,0.398299611758589,"L",0.00461248185776488,-0.0344085919235934
518960,0.141682678226237,0.0567082549633353,0.3123111356586,"R",-0.0194407665505226,0.0768414869483556
475115,0.256837432752911,0.0800937814192794,0.350332635432388,"R",0,0
458676,0.230281466183575,0.0818943024115765,0.359208024691358,"R",0,0
475247,0.228893952469055,0.0872231491393419,0.309006538262422,"L",-0.00372222222222222,0
408252,0.146460570774334,0.0463263979757368,0.336221642139951,"R",-0.00777083333333333,0.00405856236786469
519299,0.161809071037002,0.116763272589048,0.299348198588985,"L",-0.00372553191489362,0
543094,0.240865292736087,0.104429860845219,0.344713372380795,"L",0,0
542921,0.253514550243996,0.0680694060687226,0.375987664218089,"R",-0.00758599452554744,0.0180598223665361
500874,0.183262035093268,0.0922044304922133,0.421809303622991,"R",-0.00535104270109235,-0.0635911124277885
434670,0.186120530271974,0.0811751717500041,0.374527843679095,"R",-0.0336503759398496,0
452252,0.174037902998421,0.0677033751043162,0.410567095677109,"L",-0.00619827586206897,0
450306,0.223795641309638,0.078739245797417,0.327124136493035,"L",0,0
543359,0.223564787530266,0.0854511876019576,0.367531453447329,"L",0,0
572761,0.231275180842906,0.134855926654663,0.444374055945609,"L",0.00116034482758621,-0.0473226730696764
448802,0.217401971781763,0.0607977206975023,0.324254266347687,"L",0,0
518700,0.21736712895705,0.103749363220417,0.306706218283312,"R",0,0
451596,0.211813230769231,0.0851074480519481,0.362632436690396,"R",0,0
543281,0.188148699765251,0.0384354167055003,0.32479817433798,"R",0.0113368234536082,-0.00131644921617437
543829,0.138980289372006,0.0105838355702384,0.285756228326078,"L",0.0251155399946135,0.0040552946634905
474463,0.235237131498565,0.0819100652552218,0.350080434039645,"L",0,0
502179,0.218802785067873,0.0829597711367314,0.354063807245386,"R",0,0
452254,0.229208725173978,0.0701365811075753,0.335233533675718,"R",0.0126544083705185,-0.0132265877184605
435559,0.122374557411132,0.0516900473276555,0.343926991237064,"R",-0.00845978835978836,0.0547725422697429
455104,0.245372700688632,0.118696886618136,0.371919215256643,"R",-0.0226404494382022,0.044219599688156
506747,0.27745655377615,0.0494774037863874,0.353235209556501,"R",-0.00818965517241379,0
452655,0.151730845603349,0.0868660478543414,0.342617585508674,"L",0.00149032422339162,-0.068845210953035
456701,0.268785163597895,0.0527506584882846,0.303009472069014,"R",0,0
456030,0.114600851860379,0.0855196702329235,0.326802173966385,"R",-0.0172714285714286,0.0254757612083433
465753,0.322868412050497,0.0813491426804661,0.399058032567083,"S",0,0
518614,0.251594481036241,0.124492056506665,0.375833105988333,"L",0.00427231994689678,0
501303,0.204660424120264,0.075089236093322,0.338259379338058,"S",0.0153398496240602,-0.00528539325842697
543031,0.234939785024155,0.0852202912788577,0.361321900826446,"R",0,0
467827,0.171539770452094,0.0613391053205711,0.348751895992321,"L",-0.0164658909981629,-0.00409097854811647
430661,0.278686319176319,0.0751738424960455,0.358603703703704,"R",0,0
543148,0.258081158458239,0.0792397373317528,0.377485289134528,"R",0,0
434778,0.210860855454539,0.101403012234165,0.415001617006961,"S",-0.0368876923076923,0
449181,0.252663586630046,0.0472485886010868,0.315493020700906,"R",0,0
434378,0.2692152089201,0.0778353765080583,0.35998223094782,"R",0,0
462101,0.157036484481581,0.054964204792529,0.325025534481634,"R",0.0141744095001957,0.0521778685964784
488771,0.278546387453362,0.114511354119503,0.362212415916888,"L",-0.0097,0.0234535124421933
543699,0.286160476820683,0.0383193246942597,0.286304479810946,"R",0,0
489119,0.252600853118878,0.0694554741244495,0.339651381786646,"L",0,0
488768,0.225975559526995,0.0800817445592666,0.352132194220539,"R",0,0
543432,0.224604731787758,0.0822312292878912,0.379923002462501,"R",0,0
543038,0.351808081848583,0.0627218801805254,0.415940064360418,"R",0,0
543216,0.158160377649878,0.0766283875859935,0.308314824507884,"L",0,0
493596,0.204691441656047,0.077016164941738,0.334384523171276,"R",0,0
485567,0.224167352340757,0.100013665998652,0.362454209701369,"L",0.00455343511450382,0
475253,0.245055374698909,0.129948090440887,0.41411629053068,"S",-0.0253624386463446,-0.0649749239065481
506560,0.204627742826681,0.0553930077446828,0.320856721791239,"L",-0.00765625,0
456715,0.152390886070038,0.10168994605021,0.359179253185136,"R",0.0199303363074811,0.0507933200398804
501981,0.272069966889392,0.096654607050086,0.47759845899935,"R",-0.015793987793793,-0.0521347432024169
543135,0.257653674494455,0.0847889749923822,0.362393523021413,"R",0,0
452095,0.248184665266733,0.107790650495497,0.388017522390799,"R",-0.00391463414634146,0.0494306201255262
457763,0.120066110819863,0.0867142614272982,0.346342549300684,"R",-0.0186857142857143,0.0696316616251723
543391,0.230600628205128,0.0815450102028334,0.354753658536585,"R",0,0
489149,0.221391174107574,0.10000309367718,0.386865291482424,"L",-0.00180526315789474,-0.030503082064612
502671,0.246743756254238,0.114232834976386,0.490741012719204,"R",0.00974732543895467,-0.0622438519537844
457787,0.352830062335526,0.070384615676774,0.347168758434548,"S",-0.00782258064516129,0.0120960448458424
516782,0.190256913719036,0.0533854053878535,0.357776849567079,"R",0.0142793103448276,0.0159635816403311
542979,0.324946651536329,0.111117994228915,0.420035837797596,"R",0.00119230769230769,-0.00605088504182066
572041,0.203319689652483,0.066787891350192,0.384838671087308,"R",0.0165500948166877,0.0108288587085804
448801,0.366720686574317,0.0877816656714639,0.401038123298486,"L",-0.0094609375,-0.0793327910284166
543302,0.263068401090702,0.108428522613746,0.36112812518573,"L",0.00528301886792453,0
572033,0.219718990799953,0.0638260760372437,0.317238990495608,"R",-0.0106052631578947,0
571578,0.337472575072965,0.0663692193046981,0.293302021865671,"L",0,0
453211,0.264291060274584,0.0781270089132562,0.332731393733601,"R",0,0
571788,0.192237089692557,0.101255434721566,0.342845090541727,"L",-0.0283758600917431,0
446192,0.246612299127343,0.0804593131014238,0.36169997739517,"R",0,0
446334,0.190220413098308,0.0536200967851387,0.362716438428443,"R",-6.64615384615391e-05,-0.00253870660814585
458708,0.244075433673469,0.0795359700805218,0.359544164388243,"R",0,0
571431,0.221276677331862,0.0703209898233292,0.396786628190704,"L",-0.00537300485773768,-0.0280660194174757
571757,0.281417382573788,0.0822583401806208,0.395180519791214,"L",0,0
450641,0.229120923076923,0.0855776298701299,0.358603703703704,"L",0,0
450729,0.213592233009709,0.0822565373679383,0.355223170731707,"L",0,0
572863,0.261665180998588,0.0885585434018839,0.345011348091709,"R",0.00635365853658537,0
573185,0.373405776775532,0.0771616664909609,0.30880957936623,"R",0,0
502004,0.225609756097561,0.0842276262295082,0.360423456790123,"R",0,0
501896,0.229891290410529,0.0883763446826313,0.407628336632009,"R",-0.0169579986385296,0.0189644699140401
502226,0.179402036286032,0.0856194946535503,0.331999026177972,"R",0.0101176470588235,0
543228,0.26372216513341,0.0552732509246786,0.396366216222685,"R",-0.00570178571428571,0.0727442945019289
518468,0.230780240384615,0.084319841708178,0.358203086419753,"R",0,0
573064,0.216748768472906,0.0825281188118812,0.362066666666667,"L",0,0
489267,0.300206582021434,0.0664151038084109,0.333727487275595,"R",-3e-04,0.00375408560311284
571506,0.247987656334449,0.11494677222416,0.407076445235499,"L",-0.0307606382978723,-0.0656461915516845
543877,0.157343118124527,0.051348648987011,0.310822441780646,"R",-0.0191625,0.0669131806117453
543401,0.185926193536824,0.0919614126344796,0.339339842482728,"L",0.0170455782312925,0.0175760339883301
571448,0.184505859998497,0.0880114519245018,0.413876687050436,"R",-0.0014622641509434,0.0449531072425542
276520,0.249867609035103,0.0607780359700388,0.341578679135856,"R",0,0
572122,0.210423887657595,0.0763172588785249,0.359241113948783,"L",-0.00868663594470046,0.0476477406105588
571467,0.22872105952381,0.0820530385804262,0.359965933403353,"R",0,0
571945,0.298130275323686,0.0623421775645781,0.347771125173638,"R",0,0
572365,0.219794473508037,0.0592817583114967,0.306784691568821,"L",-0.0123949343339587,-0.00501023727801821
572821,0.201745659639011,0.107733526756347,0.332698080908199,"R",0.00400309341233879,-0.0168804655554358
457705,0.199181999371658,0.127456779776478,0.392290918533711,"R",-0.0108182382133995,-0.0374934215396634
457706,0.313010609667534,0.0800126246362301,0.377758434535349,"R",-0.00208498985801217,-0.0574514442916094
519068,0.283965975567794,0.090533839953305,0.384969712515873,"L",0,0
474319,0.223819109903382,0.0822378582526045,0.356140544451304,"R",0,0
518934,0.141898398332062,0.0723185929239698,0.358582349947395,"R",-0.0162056451612903,0.0646724576884131
475243,0.259651488230009,0.0707449043585661,0.381520521583679,"R",0,0
457803,0.218585353933087,0.0952300670337223,0.380391494612546,"L",-0.00584232002331682,-0.0592146365076571
458675,0.332006618455052,0.0633599548057652,0.424336856991483,"L",0.00285135135135135,0
543734,0.231700208940483,0.0714636272189061,0.360721884297279,"L",0,0
474892,0.333218575544658,0.0987385711520243,0.395794651493599,"R",-0.00995161290322581,0
458731,0.170727862650284,0.109326434427517,0.317446246507045,"L",0.0315911542100284,0.014158832417106
572204,0.343773955883816,0.0795312005199178,0.326020393835205,"R",0.00332352941176471,0
572114,0.329665463472279,0.129351211038814,0.394894582948136,"L",0.00933018867924528,0
571553,0.196683714285714,0.0814121408467479,0.389315732513101,"L",0,0
456665,0.170164239147085,0.105484320371609,0.396607402568192,"R",-0.000876430205949657,-0.052556043956044
576788,0.223872875736961,0.0815858901933294,0.3572028784689,"R",0,0
459431,0.228898461641282,0.080253223011686,0.339266091825308,"L",0.00744520547945206,0
