"Name","ParkNormalizedOBP","ParkNormalizedSLG","BsR","Def"
"Bartolo Colon",0.29907820470779,0.389065204598482,0,2.4
"Victor Martinez",0.349594279076718,0.408487971872225,-6.7,-11.7
"CC Sabathia",0.31457912433375,0.40508078645638,0,0.5
"Carlos Beltran",0.283861173205521,0.37356043653054,0,-11.3
"Adrian Beltre",0.368279831733618,0.513714925439546,-4,4.1
"Todd Frazier",0.359946586761621,0.448017176487388,-1.6,5.9
"Brandon Phillips",0.320480357406817,0.417865250332589,0,4.5
"Bronson Arroyo",0.299249963809188,0.384700053341722,0,3.5
"Ichiro Suzuki",0.312567510610882,0.367821886928776,0.2,-2.6
"Marco Estrada",0.310700334673084,0.404411300840189,0,0.5
"Andrew Romine",0.322345128376267,0.390402315858712,-1.1,0.5
"Albert Pujols",0.307670854056984,0.420731407173762,-6.4,-19.5
"RA Dickey",0.282318709531158,0.357132316492282,0,8.1
"Jayson Werth",0.325782420480643,0.403251685544454,0,-8.3
"Wilson Ramos",0.3072384515191,0.440500524902974,-3.3,2.5
"John Lackey",0.293042148678364,0.363898538866081,0,7.3
"Chase Utley",0.346293425650032,0.429023664472987,2.8,0.6
"Jose Reyes",0.337561236940934,0.440363521141646,5,0.8
"Jhonny Peralta",0.302442185758592,0.36820597759916,0,-0.2
"Miguel Cabrera",0.360504864967318,0.443603195773932,-7.7,-7.1
"Edwin Jackson",0.297948545362611,0.385922878506426,0,2.5
"Rickie Weeks",0.305134903150208,0.369372394087855,0,-2
"Joe Mauer",0.382370736206929,0.413603622640679,-6.1,-3.5
"Matt Holliday",0.316341139620855,0.421871853086989,0,-10.9
"Jose Bautista",0.320687780987738,0.37108956438863,0,-6.6
"Matt Moore",0.291993018243047,0.365653803420757,0,6.3
"Andres Blanco",0.2966821585024,0.362142268735565,0,0.6
"Adrian Gonzalez",0.30604316008261,0.382207899506769,-4.6,-5.9
"Zack Greinke",0.309305756619885,0.394198683575244,0,8.6
"Ivan Nova",0.282177977671258,0.366293161569717,0,7.4
"Clayton Kershaw",0.307824811368513,0.383618370305358,0,7.5
"Jorge de la Rosa",0.312797231141799,0.407139273058864,0,0.2
"David Peralta",0.341347153905075,0.423519009200676,1,-4.4
"Edwin Encarnacion",0.384045600036663,0.510292028961846,-8.3,-17
"Ryan Raburn",0.308503011466763,0.410948264886679,0,-0.6
"Adam Wainwright",0.301746357494443,0.408275014245665,0,5.9
"Hector Rondon",0.314793632310934,0.408760272311526,0,0.2
"Carlos Santana",0.363610592295428,0.453595376742026,1.1,-7.3
"Corey Kluber",0.315925305864556,0.410203364206988,0,0.2
"Darwin Barney",0.28354242106818,0.328128097065387,0,1.1
"Nelson Cruz",0.373297499091475,0.549779301710942,-4,-16.9
"Pedro Alvarez",0.313007411158183,0.405180647331549,-0.4,-1
"Lucas Duda",0.339452379995617,0.51799452067832,-3.8,-9.7
"Lance Lynn",0.292445479316379,0.376633149691759,0,7.4
"Yonder Alonso",0.365929825835407,0.502244146115957,-2.5,-12.5
"Pete Kozma",0.300578084587941,0.377021386580806,0,-0.2
"Peter Bourjos",0.300691965544714,0.406472307916504,0.9,-0.5
"Carlos Ruiz",0.319352995407628,0.388586886200006,0,2.9
"Jhoulys Chacin",0.297784307255026,0.383568710268433,0.2,7.7
"Zack Cozart",0.370331533885903,0.518721102018413,-1.4,8.3
"Brandon Guyer",0.319267563673256,0.371446930093275,0,-1.8
"Brett Cecil",0.314468877809029,0.409291116963908,0,0.1
"Rick Porcello",0.311337368695542,0.405208400799579,0,0.5
"Manny Pina",0.307481061819777,0.38926266478513,-3,13.9
"Chris Marrero",0.304427785922585,0.395451232564669,0,-0.7
"Luis Avilan",0.313472697023131,0.407974237493182,0,0.2
"Roberto Perez",0.302428364113097,0.389241632733522,-1.5,5.9
"Jeff Locke",0.307372328320216,0.39567624519884,0,1.3
"Josh Ravin",0.314011334520563,0.408639727558359,0,0.2
"Tommy Pham",0.403151624111887,0.513214862987277,5.5,6.4
"Michael Morse",0.309132708553695,0.400942529912998,0,-0.7
"Mike Napoli",0.290873240163343,0.437848126441295,0,-8.4
"Mitch Moreland",0.335438259124608,0.452967392820165,-2.3,-7.2
"Kenley Jansen",0.316233282192808,0.412840098357079,0,0.5
"Gregor Blanco",0.328660405311769,0.376357757997437,4.8,-3
"Max Scherzer",0.303946167022375,0.38472508718881,0,9.1
"Robinson Chirinos",0.331912287849854,0.462284647736111,-2.2,5.1
"Shin-Soo Choo",0.37707748241307,0.451232762351072,-1.8,-18.1
"David Price",0.31524055582121,0.409405636986941,0,0.1
"Ervin Santana",0.310301823266254,0.405205041318767,0,1.2
"TJ McFarland",0.311743727239915,0.4047916997288,0,0.6
"Jeff Samardzija",0.277877490319013,0.373991575838063,0,8
"Franklin Gutierrez",0.312344241957242,0.38970763394306,0,-1.8
"Welington Castillo",0.31537311532876,0.465476828048559,-2.6,11.2
"Robinson Cano",0.3568251009855,0.478323763724757,-3,4.1
"Anibal Sanchez",0.31334992273708,0.407840021015224,0,0.2
"Charlie Culberson",0.31317997993419,0.401596772742226,-0.4,0.6
"Martin Prado",0.295403120755142,0.384950285361849,0,1.4
"Matt Garza",0.297185178190068,0.378699759118271,0,4.4
"Matt Joyce",0.345491023925622,0.489292862010503,1.7,-7.1
"Miguel Montero",0.316082965797252,0.382367261098253,-1.2,-2.6
"Alejandro De Aza",0.30560848392471,0.405691524069312,0,-1.2
"Ubaldo Jimenez",0.312124045111275,0.405271071177677,0,0.6
"Nick Hundley",0.280870841900654,0.418758188787452,-0.8,4.2
"Cliff Pennington",0.302476871462987,0.362422861355458,1.1,2.5
"Ryan Braun",0.354455120333,0.494333830532754,-0.5,-5.1
"Drew Butera",0.301892524691567,0.372295152444556,1.6,3
"Jeff Mathis",0.298184211563531,0.3681796927572,-0.4,5.3
"Anthony Rizzo",0.406888582801208,0.518058946107979,-4.4536652835408,-7.93914246196404
"Eric Hosmer",0.370893000066892,0.481352709508712,1.79487179487179,-12.5641025641026
"Troy Tulowitzki",0.30108696736985,0.371898642397373,0,1.7
"Danny Duffy",0.314328676373678,0.408205182768132,0,0.2
"Clayton Richard",0.289953548737873,0.373687185628629,0,8.5
"Rene Rivera",0.303294063759956,0.41371465603715,-2.6,7.8
"Geovany Soto",0.32166368468638,0.425888103646927,0,-0.1
"Rajai Davis",0.298647340110871,0.360900776979298,4.3,-3.5
"Eric Thames",0.359683556920176,0.502711638020828,-1.4,-12.2
"JJ Hardy",0.269989383336469,0.33966511359434,0,4
"Mat Latos",0.313442481685467,0.407849870796375,0,0.4
"Ricky Nolasco",0.314970197682666,0.401114912425684,0,0.8
"Chris Stewart",0.310900193706749,0.37199510073737,0.3,3.3
"Chris Young",0.311993655754974,0.385926615582843,0.3,-8
"Josh Reddick",0.34967894313455,0.454429640233667,3,-4.5
"Chris Heisey",0.291071866246198,0.377041346366378,0,-0.8
"Edinson Volquez",0.299885461360352,0.382053649527188,0,3.6
"Melky Cabrera",0.329454768857927,0.429873008760988,0,-17.6
"Emilio Bonifacio",0.302071934917585,0.39504856038346,0,-0.8
"Dexter Fowler",0.377019235531373,0.508717644960332,1.5,-6.1
"Anthony Recker",0.311986628829796,0.405030512840576,0,0.1
"Brian Duensing",0.311757080242743,0.405721670324253,0,0.5
"Pedro Strop",0.316201265480927,0.411428566092185,0,0.1
"Junichi Tazawa",0.313849860577213,0.408504700374213,0,0.1
"Erick Aybar",0.318461035224704,0.372139079765369,0,-2.5
"Michael Brantley",0.36147635753869,0.447483080547257,0,-6.2
"Derek Holland",0.315824614317764,0.410114227901535,0,0.1
"Gorkys Hernandez",0.318914062491775,0.343392811440907,3.6,-1
"Jake Arrieta",0.279043295061804,0.367722089912906,0,7.6
"Yunel Escobar",0.339888656436695,0.412080429000088,0,-0.4
"Ryan Zimmerman",0.350651720931369,0.570337104919469,1.8,-15.6
"Howie Kendrick",0.34465352841297,0.445983433246054,-1.4,-3.8
"Jered Weaver",0.306855064492729,0.399310811906888,0,1.2
"Jose Lobaton",0.300107597696835,0.367677147886194,0,1.2
"Shane Robinson",0.313542649524389,0.391715941850126,0,0.7
"Stephen Drew",0.305234653005224,0.386528411448331,0,1.3
"Matt Wieters",0.298301836212151,0.361191708561233,-3.3,8.8
"Joey Votto",0.453296402100291,0.564799070563921,-8.94230769230769,-5.09615384615385
"Daniel Murphy",0.381293929797375,0.545990554462222,0,-1
"Tyler Chatwood",0.302290546813599,0.387689783675143,0,5.9
"Scott Van Slyke",0.315756851405747,0.404098013899501,0,-1.7
"Jeremy Hellickson",0.306795464108029,0.393471519607165,0,4.6
"Erik Kratz",0.315642796459179,0.412199297640404,0,-0.2
"Jed Lowrie",0.364800085163323,0.456672118664336,-1.3,-0.5
"Brandon Moss",0.290151391171481,0.442944507735585,0,-10.2
"Jordan Zimmermann",0.313140050179584,0.406570746668481,0,0.7
"Jason Hammel",0.310255366583549,0.403643903965515,0,1.1
"Chris Smith",0.314398183229424,0.409201469706899,0,0.1
"Starlin Castro",0.315915182543028,0.41529279733718,1.5,-3.6
"Russell Martin",0.361622860516617,0.409840906487726,-2.6,7.4
"Brandon McCarthy",0.307448901721889,0.388871487981667,0,3.7
"Charlie Morton",0.31341265106256,0.407814401281518,0,0.4
"Ben Revere",0.343541901444424,0.394524276707082,0,-6.3
"Chase Headley",0.345841243846481,0.388502804792836,0.9,-4.2
"Jacoby Ellsbury",0.360205790296928,0.407180153486386,0,-3.2
"Matt Cain",0.2918102060364,0.382408021395352,0,4
"Curtis Granderson",0.343509991582566,0.477829988358536,2.6,-3.3
"Felix Hernandez",0.314018657369174,0.408679220923592,0,0.3
"Matt Shoemaker",0.312847346778819,0.407199212251612,0,0.2
"Rymer Liriano",0.312669235718546,0.398197879414128,0,-0.2
"Rich Hill",0.301933941390656,0.385744251300625,0,6.1
"Brian McCann",0.335281468250673,0.438689938527756,-1.8,3.2
"Jarrod Dyson",0.330069393632718,0.364154307555499,5.9,9
"Mike Montgomery",0.304986133837466,0.405563029717132,0,3.6
"Carlos Gomez",0.332970863054525,0.45579215453713,2,2.9
"Mike Moustakas",0.31468508862824,0.522798494524687,-5.3,-3.5
"Ender Inciarte",0.336645174062664,0.392273560950495,2.90106951871658,5.61497326203209
"Jon Lester",0.300603710137749,0.389682748042998,0.2,8.3
"Jason Heyward",0.327611662139567,0.38530817938486,-0.6,2.4
"Giancarlo Stanton",0.378189492143972,0.647743921840397,-1.93637621023513,-0.387275242047026
"Ryan Hanigan",0.302264148004285,0.364558120790746,0,1.2
"Asdrubal Cabrera",0.349493883035869,0.430634578299666,-8.6,-3.6
"Luis Valbuena",0.318990887498129,0.469384342868295,-2,-0.8
"Fernando Salas",0.315327293991441,0.409439186518233,0,0.3
"Cole Hamels",0.312696215836542,0.406972721238015,0,0.4
"Stephen Vogt",0.299478405637647,0.441242791103435,0,-6
"Josh Donaldson",0.378079419996751,0.535067253624747,2.8,0.8
"Jefry Marte",0.309846237929364,0.389451131037567,-0.6,-3.5
"Alex Gordon",0.318566325566245,0.34827820078586,0.9,4.8
"Wade LeBlanc",0.312158104899745,0.405356330838254,0,0.6
"Justin Upton",0.349506580279682,0.525385544183792,4.6,-5.6
"Cameron Maybin",0.332560723126316,0.383331991705523,4.2,-1.7
"Jon Jay",0.368351701812485,0.36208442330652,2.6,-2.2
"Justin Turner",0.407414059307849,0.510435646555832,0,0.6
"Robbie Grossman",0.375648026747149,0.397230470192721,0.1,-12
"Wilmer Font",0.31279482459257,0.407136721779652,0,0.3
"Sandy Leon",0.300961002204666,0.375057696447905,-3.7,9.1
"Francisco Cervelli",0.338907948202505,0.389434154220169,-0.7,3.8
"Tuffy Gosewisch",0.2957052980654,0.378146246642643,0,-0.4
"Aaron Hicks",0.355971963046427,0.446844472126585,2.5,6
"Alex Presley",0.339856003674178,0.407108791736978,0,-4.6
"Kristopher Negron",0.316170323958712,0.391469909546455,0,-0.1
"Chad Huffman",0.314388324977741,0.409165077018012,0,-1.2
"Brandon Crawford",0.311823209285993,0.423904141102272,-1.2,13.3
"Yangervis Solarte",0.324957071223307,0.431562662003756,-3,1.7
"Freddie Freeman",0.401662906853308,0.584861862234764,1,-7.2
"Michael Pineda",0.311685679954754,0.404495685048334,0,0.5
"Juan Lagares",0.308971855230907,0.388432494580026,2.8,11.5
"Juan Graterol",0.29357462272784,0.377435664002984,0,2.1
"Brad Peacock",0.314818882341444,0.408002714886389,0,1
"Jake Smolinski",0.309285735363013,0.393998419463606,0,0.2
"Pablo Sandoval",0.296429012569512,0.399317256054936,-1.8,-2.2
"Jose Altuve",0.38228364570142,0.497941950187341,4.9,0.2
"Steve Lombardozzi",0.309299944086243,0.402534849202629,0,0.2
"Jesse Chavez",0.308647346778819,0.401732545584945,0,0.7
"Daniel Nava",0.367459929679603,0.407360625999792,0,-1.2
"Ji-Man Choi",0.314860460504772,0.421777782431228,-0.1,-0.8
"Jose Pirela",0.335184558691225,0.470291654194656,0.7,1.2
"Abraham Almonte",0.319956850836718,0.387398372593686,0,-4.4
"Austin Romine",0.30083810078552,0.351709211189704,-1.3,2.5
"Marwin Gonzalez",0.357709697579858,0.491926623770797,0.8,-6.2
"Kyle Higashioka",0.307050505332516,0.390512787674036,0,0.3
"Ruben Tejada",0.313516233382539,0.36581383413944,0,2.4
"Madison Bumgarner",0.306742475196092,0.418622482912205,0,4.3
"Nik Turley",0.314869552053146,0.409739071691402,0,0.2
"Jarrod Saltalamacchia",0.29730790042779,0.381403689942021,0,-0.7
"Matt Kemp",0.321572694215564,0.467800817704361,-6.6,-14.2
"Devin Mesoraco",0.322857689718493,0.406195862727855,0,1.5
"Steven Souza",0.356487608819767,0.470187952756403,0,-2.6
"Henderson Alvarez",0.310726717031222,0.404302097096798,0,0.7
"AJ Ellis",0.317349338798557,0.409214845233885,-1.8,3
"Junior Guerra",0.300372514938433,0.390364415173525,0,2.5
"Hernan Perez",0.299302639527097,0.413710685354429,1.9,1.8
"Avisail Garcia",0.347182151126636,0.461301891117821,1.5,-5
"Wilmer Flores",0.317580365645651,0.485871151518271,-2.6,-3
"Jhan Marinez",0.312816228980553,0.409438048515497,0,0.7
"John Jaso",0.343194506930362,0.426951328023272,0,-6.2
"Leury Garcia",0.316684510182971,0.418583924295805,-0.5,2.4
"Nick Markakis",0.350883117798778,0.380196492786258,-2.1,-7.3
"Jean Segura",0.345106397969389,0.422638226932879,-0.3,2.6
"Jesus Sucre",0.31315144985037,0.423603359371083,-0.9,6.1
"Randall Delgado",0.308459009854775,0.401306046296714,0,1.1
"Mike Aviles",0.305671177931463,0.368155596401302,0,1.4
"Didi Gregorius",0.304954532693295,0.450536555132848,3.1,11.4
"Cristhian Adames",0.30639681638432,0.394476355820671,0,0.2
"Aaron Hill",0.313256185358397,0.385110135093816,0,-1
"Eduardo Escobar",0.31711240269974,0.457382798636072,3,-1.1
"Albert Suarez",0.31335340849101,0.40785468324326,0,0.2
"JD Martinez",0.377279061934053,0.691380301795291,-6,-13.2
"Ian Kinsler",0.351687562389095,0.466174368820919,1.5,7.8
"Kyle Kendrick",0.312849144051185,0.407202779066226,0,0.2
"Trevor Cahill",0.311606099769874,0.401182885710041,0,2.1
"Andre Ethier",0.316368175374257,0.414459507135505,0,-1.1
"Scott Feldman",0.286248041509806,0.37087807269276,0,4.5
"Alcides Escobar",0.275104138809724,0.361798569406689,3.8,9.2
"Chris Archer",0.311284907557912,0.403256706481961,0,1
"Danny Valencia",0.319251691120888,0.418866447762098,-5.9,-12.8
"Adam Jones",0.314283166063192,0.45093250867018,1.1,-11.6
"Jake Odorizzi",0.315068982173633,0.408784273507907,0,0.8
"Kirk Nieuwenhuis",0.312273986895237,0.398452308265948,0,-0.7
"Vance Worley",0.303491635943051,0.390348710294571,0,3.2
"Jim Adduci",0.319595562893911,0.410350907438692,0,-0.4
"Steve Cishek",0.31385043676275,0.408509712896429,0,0.1
"Jordy Mercer",0.341979017215492,0.432010407566788,-0.8,5.6
"Alex Cobb",0.30865951998631,0.40174854472141,0,0.7
"Tom Koehler",0.298837546107293,0.387963288839363,0,2.5
"Sean Rodriguez",0.309681040373812,0.379436091156091,0.4,-1.6
"Freddy Galvis",0.319784288024117,0.387477639990882,0.2,11.3
"Carlos Carrasco",0.313003364380573,0.403094827614132,0,0.6
"Chase d'Arnaud",0.299358972504734,0.381608172022631,0,-2.6
"Miguel Socolovich",0.314468877809029,0.409291116963908,0,0.1
"Johnny Giavotella",0.309352550546566,0.401524871080576,0,-0.3
"Julio Teheran",0.295826176681573,0.371910888247603,0,9
"Sam Freeman",0.313448207414632,0.407957792784362,0,0.2
"Eduardo Nunez",0.320636793362416,0.434472210677464,1.9,-3.9
"Derek Norris",0.309071534387952,0.433042696877753,0,2.9
"Mark Trumbo",0.284818387033434,0.387086376953798,0,-17.3
"Chris Coghlan",0.313778963871579,0.369931195279238,0,-3.6
"Ian Desmond",0.298859460047041,0.340976890541842,0.2,-6.3
"Martin Maldonado",0.276119273238885,0.374607222037986,-2.8,12.9
"Johnny Cueto",0.297770920566323,0.381654845799322,0,6.8
"Chase Anderson",0.289241168903706,0.373273454248363,0,6.9
"Drew Storen",0.314497865397424,0.409308958992907,0,0.1
"Ian Kennedy",0.316588157288715,0.407887107896474,0,0.5
"Will Middlebrooks",0.305680626613426,0.40683089086265,0,0.3
"Yadier Molina",0.32660641336828,0.460494793144998,-5.5,13.1
"Miguel Gonzalez",0.313225617035549,0.402610144131459,0,1
"AJ Jimenez",0.304055300159833,0.39472467537987,0,0.1
"Caleb Joseph",0.292273055100075,0.402098657388995,-0.2,0.8
"Alberto Rosario",0.312699186743984,0.406976517688315,0,0
"Eric Young",0.316847579525911,0.407369097240483,0,0.4
"Juan Centeno",0.314193849449727,0.403505355463484,-0.3,0.4
"Logan Forsythe",0.368398541926533,0.340508807315614,0.6,7.1
"Cesar Puello",0.312514335480235,0.381494662705096,0,-0.5
"Matt Davidson",0.258459333991821,0.447390133070319,-4.7,-11.5
"Tyler Moore",0.267827256295076,0.390765153000816,0,-0.7
"Craig Stammen",0.318750474229304,0.411162838914696,0,1
"Carlos Gonzalez",0.317531803713391,0.386408040146362,-0.1,-7.8
"Salvador Perez",0.289834574271569,0.486841133401741,0,5.7
"Chris Gimenez",0.339983955376657,0.386495711871183,0,5.1
"Seth Smith",0.349013805986047,0.439243909968874,0,-6.8
"Michael Martinez",0.31295548806631,0.385319048296884,0,0.1
"JA Happ",0.31330112968122,0.40775781897197,0,0.2
"Paul Janish",0.303552775567578,0.38832281327439,0,-1
"Shane Peterson",0.311498446184343,0.403152824433571,0,0.3
"Ben Zobrist",0.329822526263865,0.384060235422633,-1.6,0.9
"Gio Gonzalez",0.291576139861647,0.363036199735948,0,9.3
"Trevor Plouffe",0.285793107004896,0.335379314826169,0,-4
"Alex Avila",0.374472742612855,0.437714663373824,-2.9,4.1
"Carlos Moncrief",0.307352815651197,0.387089240538256,0,-0.5
"Neil Walker",0.360232672519501,0.436648573045996,-0.7,-1
"Lonnie Chisenhall",0.326953853006216,0.458201728463488,0.3,-6.3
"Jordan Lyles",0.310758842157009,0.398008007784498,0,1.7
"Tommy Milone",0.313380618902216,0.398116379816792,0,1.4
"Mark Reynolds",0.320643739221835,0.43458667268198,0,-11.6
"Justin Ruggiano",0.296812007014577,0.393349488211637,0,-1.6
"Juan Nicasio",0.313929936722449,0.408607899030075,0,0.1
"Wily Peralta",0.311934107785291,0.398736976723741,0,1.8
"Travis d'Arnaud",0.310629957420631,0.455942718441617,-2,2.7
"Ty Kelly",0.300887062458734,0.392245698698005,0,-0.3
"Miguel Rojas",0.345118029030999,0.383278234341836,0,6.4
"Andrew Albers",0.316304605777154,0.40886032937063,0,0.4
"Charlie Blackmon",0.364031245335912,0.539117030785437,1.47952443857332,2.03434610303831
"Jonathan Lucroy",0.345542855016105,0.371657633765675,-4.3,11.5
"Tyson Ross",0.312847575282273,0.407200386751939,0,0.3
"Josh Lindblom",0.313423485035854,0.407935521120495,0,0.2
"Ryan Flaherty",0.309720840429688,0.379264423405419,0.9,1.2
"Eric Sogard",0.373155809145088,0.385240872494077,-2.2,0.8
"Jaff Decker",0.318421414159122,0.381633578344723,0,-1.3
"Tim Beckham",0.312462457623601,0.434440310304416,1,9
"Jose Martinez",0.363849162276874,0.494214556477119,0.2,-8.9
"Hanley Ramirez",0.32631850182982,0.435254015102635,-5.1,-13.5
"Adam Lind",0.355757214876433,0.511125925638748,0,-7.4
"Jason Vargas",0.313651633758778,0.407269354877547,0,0.5
"Matt Carpenter",0.393713620390967,0.465972749355366,0.8,-10.1
"Jaime Garcia",0.302159471328885,0.398524867207728,0,4.4
"Eric Fryer",0.310905162021387,0.359515246853095,0,1.4
"Yovani Gallardo",0.316296776089215,0.410667652467635,0,0.2
"Josh Harrison",0.344096027140527,0.44460547035402,3.1,3.7
"Dee Gordon",0.328701682753526,0.365956372708448,9.5850622406639,8.52005532503458
"Brett Anderson",0.312816154208009,0.402246236447496,0,1
"Paolo Espino",0.312789706498649,0.405831462617861,0,0.6
"Hunter Pence",0.310706566265987,0.390550420767313,2.5,-5.1
"Kurt Suzuki",0.335745870702754,0.492937576027049,-0.6,6.6
"Chris Iannetta",0.336249564841144,0.469087962967159,-1.8,5.8
"Tony Sipp",0.313929859161805,0.408608658825137,0,0.1
"Francisco Pena",0.317133798427674,0.427482207508179,0,0.2
"JC Ramirez",0.312933857917255,0.407288538064171,0,0.4
"Denard Span",0.338427435400003,0.451869046761611,-0.6,-6.3
"Homer Bailey",0.305406795068227,0.396812140229653,0,4.7
"Dustin Pedroia",0.355138048062557,0.37469173949066,0,6.8
"Pedro Florimon",0.314688587139654,0.404408985766532,0,2.8
"Daniel Descalso",0.336217021914248,0.397153428490545,0.6,-5.7
"Ehire Adrianza",0.321370135379459,0.400820555567553,3.6,3.6
"Adam Wilk",0.314505033253003,0.409330620502189,0,0.1
"Gerardo Parra",0.316939802050224,0.410356271343394,-4.2,3.6
"Dustin McGowan",0.307597721551604,0.400366179645722,0,0.8
"Tim Federowicz",0.316576929407013,0.428105079148097,0,0
"Kendrys Morales",0.320855726019544,0.448440286186555,-9.6,-16
"Paulo Orlando",0.304988051788978,0.398799946485024,0.1,-0.5
"Justin Verlander",0.311457009655755,0.404425981526364,0,0.7
"Elvis Andrus",0.327332050131867,0.461461976135885,4.75069252077562,4.16897506925208
"Jason Castro",0.333041819452468,0.389491646933244,-2.5,8.1
"Tanner Roark",0.288390309483567,0.370933423681996,0,8
"Wade Miley",0.312753127199459,0.406113458310076,0,0.5
"Andrew Cashner",0.31029132606555,0.403537759445863,0,0.8
"Ryan Lavarnway",0.316899828055648,0.406631376108221,0,0.3
"Dusty Coleman",0.305432554780198,0.423339967566389,0,-1.8
"Conor Gillaspie",0.298729756862608,0.392495158795285,0,0.2
"Gordon Beckham",0.311933758443165,0.39901581867091,0,0.5
"Ezequiel Carrera",0.337900656706813,0.374114049348129,0,-10.1
"Justin Smoak",0.363856813540161,0.525462070680808,-3.1,-10.5
"Alexi Amarista",0.287238710098781,0.369079561599763,0,-3.8
"Lorenzo Cain",0.356891996852901,0.433518040164299,4.3,2.5
"Brad Hand",0.312795150564547,0.407134106837212,0,0.2
"Khris Davis",0.346641604310206,0.545155346648002,-1.1,-22.2
"Tyler Flowers",0.366657066879842,0.430875715619113,0,3.3
"Buster Posey",0.389469319728991,0.461295712421322,-2.3,6.1
"Logan Morrison",0.362439312106122,0.53317709918234,0,-10.3
"Paul Goldschmidt",0.399718257493788,0.547725974025114,3.5,-7.6
"Danny Espinosa",0.243372434391949,0.276679267333856,0,2.6
"Starling Marte",0.330313073864828,0.389694280169219,2.7,1.9
"Keon Broxton",0.302391362097372,0.411103462434464,0,-0.4
"AJ Pollock",0.355679717688981,0.494829665335065,3.2,2.7
"Chris Davis",0.313966039716459,0.423994183332691,-0.9,-10
"Chris Herrmann",0.312227836405029,0.390754948383429,0,-3.3
"Josh Phegley",0.293574641702715,0.385090127338554,0,4.4
"Patrick Corbin",0.300381145635029,0.372030439422873,0,8.8
"Drew Stubbs",0.30487420714493,0.386792966141211,0,-0.6
"Brock Holt",0.314982328992315,0.351604972381094,-3.3,-2.3
"Evan Longoria",0.32742820963262,0.446396821847183,1.7,3
"Josh Tomlin",0.311039166880069,0.403825399552278,0,0.8
"Matt Adams",0.305117154612975,0.487869626635804,0.9,-2.3
"Jeremy Hazelbaker",0.327713457237367,0.425527631177853,0,1.4
"Quintin Berry",0.311813945397416,0.405855969925363,0,0.3
"Doug Fister",0.315803148335149,0.410913736187098,0,0.2
"Dustin Garneau",0.294699030466677,0.366436378388013,0,4.5
"Dallas Keuchel",0.31237088368752,0.406538133760506,0,0.4
"Dan Straily",0.272744263491263,0.349931674129373,0,7.6
"George Kontos",0.314395965362077,0.409206754795476,0,0.2
"David Freese",0.360565555200175,0.36583439875304,-4.2,3.8
"Craig Gentry",0.32191785764329,0.404763022045577,0.3,-1.9
"Yan Gomes",0.298502006647659,0.384426269868731,0.1,10.6
"Michael Blazek",0.312801100942652,0.407145890605788,0,0.2
"Vidal Nuno",0.315420344604397,0.410464739321925,0,0.1
"Adam Rosales",0.248337582788005,0.338305354312887,0,0.5
"Justin Bour",0.36352987178436,0.54381732250805,-5.8,-6
"Christian Vazquez",0.313562089752518,0.38696842077095,-3,9.9
"Jason Kipnis",0.304930588725393,0.425351119044866,3.3,0
"Nolan Arenado",0.348937818253884,0.536775209937392,0.886075949367089,10.14064697609
"Kyle Seager",0.332392339675419,0.463716842707493,-2,8.4
"Miles Mikolas",0.315745988845083,0.420034392430536,0,0.4
"Ryan Goins",0.282120086952105,0.341175382569568,0,-0.7
"Brian Dozier",0.348847106837254,0.484007352351928,3.2425068119891,1.14441416893733
"Andrew McCutchen",0.371179448726816,0.503519321279327,0.7,-2
"Austin Jackson",0.344431700820927,0.431614626466819,0.3,-6.4
"Efren Navarro",0.314403719621815,0.401404433431307,0,-0.8
"DJ LeMahieu",0.355262416505094,0.378852142191761,-5.58823529411765,5.49019607843137
"Travis Wood",0.310895405841682,0.420619011360519,0,2.1
"Jay Bruce",0.333486476916902,0.519931398221225,-1.5,-7
"Colby Rasmus",0.312098888431787,0.46312172973572,0.8,1.1
"Chris Rusin",0.314026194767299,0.405357527395507,0,1.2
"Chris Carter",0.289354853233162,0.370898319554889,0,-6.2
"Brett Gardner",0.360464748995967,0.430374521696504,6.26573426573427,2.34965034965035
"Trayce Thompson",0.304774026854324,0.391781659699234,0,-1.8
"Ryan Schimpf",0.311599726244366,0.442136257659761,0,-4.6
"Darrell Ceciliani",0.317749130832922,0.424291919368172,0,-0.1
"Steve Pearce",0.326630769624058,0.432853695128588,-0.8,-10.5
"Michael Saunders",0.281245911148076,0.373975048046575,0,-2.6
"Christian Bethancourt",0.310150758171805,0.402713387869989,0,0
"Chris Owings",0.297858968698545,0.429012475572498,2.5,-2.7
"Wil Myers",0.340993666001117,0.482666839725191,0.8,-18.9
"Grant Green",0.311829944153188,0.40587443049755,0,-0.2
"Max Stassi",0.32064011380746,0.419410185170265,-0.3,0.5
"Ian Krol",0.314396333848351,0.4091960272546,0,0.1
"Tomas Telis",0.319213918781222,0.412452342564658,0.4,-2.6
"Jonathan Villar",0.295979249794748,0.364117389667552,3,-4.7
"Mike Leake",0.300496493430006,0.373747828971479,0,6.5
"Stephen Strasburg",0.303779174950904,0.400056047833518,0,7.7
"Mike Trout",0.446482507682477,0.646645954202665,4.1,-3.1
"Nick Franklin",0.320958141421302,0.390121391524174,0,1.3
"Jacob Turner",0.313272493556743,0.401894688278684,0,1
"Shelby Miller",0.317811829985005,0.400606627161217,0,1.1
"Billy Hamilton",0.300183065813558,0.329267462396132,9.6,9.8
"Tucker Barnhart",0.361945987642461,0.414245223444698,-3.6,15.2
"Jose Iglesias",0.313902429853551,0.406224581449412,2.7,15
"Randal Grichuk",0.289646212442392,0.48169274905486,3.1,0.6
"Brandon Belt",0.373124898067689,0.506513130280389,-0.3,-1.9
"Josh Smoker",0.31237624087258,0.406561115358751,0,0.4
"Hector Sanchez",0.288936042204921,0.426814942602141,0,0.1
"Jarred Cosart",0.310915780284146,0.404601383291251,0,0.7
"Zack Wheeler",0.299295398626999,0.386561505161977,0,3.5
"Erasmo Ramirez",0.316378111639845,0.409840459795465,0,0.4
"Danny Ortiz",0.312737925664315,0.401858119012452,0,-1
"Danny Santana",0.294035651824808,0.405965454632591,0,0.6
"Marcell Ozuna",0.360318091285901,0.539266227173595,-5.13399153737659,-3.94922425952045
"Rey Fuentes",0.303723133140073,0.380788800606176,0,1.1
"Scooter Gennett",0.329005248878727,0.503790339374015,-2.2,-4.7
"Gift Ngoepe",0.309168377214571,0.382627598790027,0.4,-0.3
"John Ryan Murphy",0.310256144683842,0.407304868599504,-0.2,0.3
"Mike Ohlman",0.308800066539836,0.39881313224163,0,0.3
"Domingo Santana",0.371908444650582,0.490383070963126,3.4,-10.8
"Tommy Joseph",0.295351629583996,0.431753871962568,0,-14
"Robbie Erlin",0.315746923102341,0.410024418739455,0,0.1
"Adeiny Hechavarria",0.304454427426489,0.420563898608907,0.7,8.5
"Enrique Hernandez",0.332142235833583,0.440770089821986,3.5,2.2
"Cheslor Cuthbert",0.298277809099421,0.375377041328958,-0.1,-1.9
"Rocky Gale",0.310635640221035,0.413372212093652,0,0.2
"Derek Dietrich",0.343483529976875,0.444419838547564,1.5,-1
"Jimmy Nelson",0.276070185818589,0.348218271512423,0,7.1
"Cesar Hernandez",0.359552058541837,0.395424778759724,0.4,4.6
"Chad Bettis",0.308828599394819,0.397354978789883,0,2.1
"Scott Alexander",0.312912251519889,0.407241855285733,0,0.4
"Chris Sale",0.313235002018438,0.410063532221594,0,0.4
"David Freitas",0.31273627120271,0.409964271838846,0,0.6
"Carlos Perez",0.308165632246354,0.404896096844735,0.1,1.4
"Rob Brantly",0.318144339126607,0.415093847989019,0,-0.1
"Giovanny Urshela",0.296809324785913,0.356024306487358,0,2.9
"Ryan LaMarre",0.312024579602763,0.401312185778416,0.1,0.1
"Arismendy Alcantara",0.270846303235971,0.352163609784682,0,1.5
"Corey Dickerson",0.318203094457995,0.486452344172384,-0.2,-5
"Lane Adams",0.314134193000503,0.41690483424432,2.6,-1
"Tyler Saladino",0.273761806072477,0.258416981593197,0,1.9
"Mike Foltynewicz",0.28939089597824,0.374724633523862,0,6.3
"Jurickson Profar",0.318096450038885,0.383649563958698,0.6,0.7
"Jedd Gyorko",0.331594391576269,0.462983098207722,-2.5,4.3
"Asher Wojciechowski",0.303183435094714,0.39357795212732,0,1.7
"Andrelton Simmons",0.340941696531981,0.440756509421324,2.2,23.7
"Chasen Shreve",0.313418640579101,0.407904192213447,0,0.2
"Jared Hoying",0.298838939312871,0.381209321927894,0,-0.2
"Christian Bergman",0.313929494543183,0.408607440623809,0,0.1
"Adam Duvall",0.292891590911975,0.460016531829374,-0.4,-1.7
"Greg Garcia",0.346061467049827,0.357973215809813,1.2,-1.2
"Phil Gosselin",0.30257562859808,0.388005847576926,-0.1,-1.5
"Jacob deGrom",0.303958923614855,0.388901444194381,0.2,9.7
"Jake Buchanan",0.316540621114943,0.408347080272244,0,0.4
"Tim Adleman",0.299751022953894,0.38975667169592,0,3.8
"Evan Gattis",0.315476653311,0.441344439721969,-2.8,-1.2
"Kevin Shackelford",0.313735619109798,0.407376534065027,0,0.4
"Kevin Kiermaier",0.330018951855725,0.443861308057733,5.3,4
"Casey Lawrence",0.31291552144722,0.407242557023497,0,0.4
"Christian Colon",0.301558419105544,0.368276208072986,0,2.9
"Cameron Rupp",0.294523273611903,0.403429939803237,0,6.4
"Ramon Flores",0.309738239036411,0.402604514591699,0,0.1
"Josh Rutledge",0.308008066097521,0.352360997557833,0,-2.1
"Vince Velasquez",0.311063552041419,0.398045010202426,0,3.1
"Brett Nicholas",0.308690447807393,0.414222985595462,0,0.2
"Kole Calhoun",0.346605426095976,0.415674210298885,0.2,2.7
"Stephen Cardullo",0.311385899588127,0.386054304818985,0,-0.1
"Adam Eaton",0.332593496111197,0.420376878673623,2.3,-3.8
"Mike Freeman",0.298421711974577,0.376038957087967,0,0.2
"Jabari Blash",0.330006658228146,0.36942906437185,0,-3.9
"Matt Szczur",0.330289296713023,0.374988325311135,-0.2,-3
"Jonathan Schoop",0.318965983424643,0.473179067765802,-2.28045325779037,3.07365439093484
"Lisalverto Bonilla",0.314980628005036,0.401414876245769,0,1
"Aaron Altherr",0.33771944520304,0.501059825249046,-1.8,-9.4
"Whit Merrifield",0.327293485385336,0.465126484043605,4.8,0.7
"Bryan Holaday",0.308066337657551,0.400970643362611,-0.3,-0.4
"Adrian Sanchez",0.301470705800578,0.391440266972326,0,2.6
"Jake Marisnick",0.3065960184294,0.441641957950566,3.4,-1.7
"Jesus Aguilar",0.324267511047926,0.463888177535881,-0.6,-5.3
"Yasmani Grandal",0.304386082551997,0.446677653913324,-3.8,13
"Brett Eibner",0.309240898711409,0.406244354814611,0,-0.7
"Delino DeShields",0.321924725575936,0.338010047963949,9.3,4
"Matt den Dekker",0.311958941987527,0.401208838032156,0,0.1
"Ronald Torreyes",0.2851317213728,0.340942369557614,0.3,1.3
"Jose Quintana",0.294776670012897,0.376493004216251,0,3.9
"AJ Schugel",0.316788384209515,0.407935521120495,0,0.2
"Johnny Barbato",0.316213175299397,0.41152498213916,0,0.1
"Gary Sanchez",0.337577390177779,0.508913442824116,-1.7,8.9
"Mark Canha",0.282178863942114,0.394474346527212,0,-6.4
"Rob Segedin",0.307187321892886,0.402147507423376,0,-0.4
"Matt Grace",0.310297064643106,0.403864127654649,0,0.6
"AJ Cole",0.312948997945557,0.400086920968309,0,2.2
"Zach Lee",0.313483128018117,0.407964743320969,0,0.4
"Tony Wolters",0.316888763230962,0.316267490887064,-1.3,9.3
"Dixon Machado",0.308858992101949,0.369482866484558,-2.2,-1
"Odubel Herrera",0.30858813444318,0.422971384584318,1.9,8.5
"Christian Yelich",0.372396260945413,0.451693386437505,6.88365650969529,2.22991689750693
"Bryan Mitchell",0.314934090669215,0.408957600060344,0,0.3
"Robbie Ray",0.300371663231769,0.377922845431563,0,7.9
"Michael A Taylor",0.297120814335743,0.46245011664378,3.8,10.8
"Manny Machado",0.322299026011218,0.480297915127322,-4.56310679611651,6.50485436893204
"Kaleb Cowart",0.323013851526831,0.412757047914723,0,1.5
"Bryce Harper",0.395209278174219,0.579693770416036,-1.1,-3.3
"Jose Urena",0.290529473086057,0.377047181217992,0,7.1
"Deck McGuire",0.312822922774221,0.407099804904886,0,0.4
"Yolmer Sanchez",0.311033267837769,0.400079111938707,-1.1,7.3
"Willson Contreras",0.348889193701902,0.48297649444015,-5.9,12.9
"Brandon Drury",0.311717534436162,0.432817097389555,-1.1,0.5
"Jarrett Parker",0.286827293526974,0.400602540756665,0,-0.2
"Jameson Taillon",0.299982618733019,0.385854645790808,0,5.4
"Elias Diaz",0.297083978012668,0.374399761450764,-2.7,5.6
"Carlos Martinez",0.299192816382642,0.383185523977649,0,9
"Matt Harvey",0.303060268354515,0.389720744884824,0,4.4
"Justin Grimm",0.3116508735255,0.405652759126192,0,0.4
"Nicholas Castellanos",0.341881827494993,0.524301634560666,-2.3,-12.6
"Christian Villanueva",0.312576416105344,0.438674532440754,-0.2,0.2
"JT Realmuto",0.323378562184888,0.449040829890576,0,12.5
"Luke Jackson",0.313437717226241,0.407901638090405,0,0.4
"Justin Nicolino",0.306171716208235,0.398427014169902,0,1.5
"Drew Robinson",0.311217501553318,0.415315610113515,-1,-1.5
"Noah Syndergaard",0.318455214888453,0.402205444532997,0,2
"Angel Sanchez",0.314473485035854,0.409302187787162,0,0.1
"Hansel Robles",0.313897472297997,0.408567342886062,0,0.1
"Taijuan Walker",0.30269586213512,0.392233161415753,0,6.7
"Leonys Martin",0.296554495437105,0.37772726749559,-0.2,3
"Tyler Austin",0.31268327707428,0.413495190863923,-0.1,-1.6
"Mason Williams",0.312540721588888,0.399026229882205,0,-1.8
"Yadiel Rivera",0.313247819356637,0.4072099931332,0,0
"Joc Pederson",0.346707314094835,0.426076424734254,0.7,-5
"Orlando Calixte",0.298841173228822,0.375378485707031,0,-2.7
"Travis Taijeron",0.306619727468584,0.382247550920019,0,-2
"Joe Panik",0.352225760114475,0.440067562335078,-2.5,1.2
"Travis Shaw",0.350045436848487,0.498253074016205,-1.4,1.1
"Cody Asche",0.296236914785589,0.373326197892149,0,-2.2
"Kyle Hendricks",0.278929921577939,0.360994242754471,0,6.1
"Niko Goodrum",0.302901620250485,0.388148366397062,0.4,-0.1
"Kennys Vargas",0.298932819166913,0.419257146409589,0,-4.6
"David Washington",0.310170344604397,0.403631405988592,0,-0.1
"Max Kepler",0.316566110417909,0.429034452763898,3.2,-5.1
"Nick Ahmed",0.310758974223619,0.414851884194893,-0.6,2.1
"Eddie Rosario",0.321886700500744,0.497068201116365,-0.2,-5.8
"Austin Barnes",0.377446527294192,0.457767260738372,-2,3.7
"Ben Gamel",0.316371698474707,0.406950671976946,0,-5.8
"Xander Bogaerts",0.338155593635093,0.396493779203083,8.6,4.9
"Miguel Sano",0.330962196370713,0.478728469489804,-4.7,-4
"Jorge Bonifacio",0.317833141451604,0.430277505426833,0,-4.6
"Maikel Franco",0.302811035637287,0.428202319882411,-3.3,-4
"Jorge Alfaro",0.308337496612925,0.412552908787251,-1.8,0.8
"Scott Schebler",0.328589446988459,0.500496325635223,1.1,-4
"Dan Winkler",0.314469769124949,0.409288607245791,0,0.1
"Brock Stassi",0.315203909225131,0.387512837884467,0,0.7
"Rougned Odor",0.278835436781952,0.433055914754483,1.2,-4
"Kevan Smith",0.289442363918164,0.360971813412805,0,-0.1
"Cory Spangenberg",0.318122766147043,0.397459475630956,5,-7.1
"Jace Peterson",0.318685459796073,0.34527405204165,0,-4.1
"Tommy La Stella",0.340593167538806,0.429007757861552,0.1,-1.7
"Taylor Motter",0.297371512487194,0.381468286552145,0.7,-1.7
"Ryan Rua",0.302751735280248,0.376647972212262,-1.3,-3.1
"Kevin Pillar",0.310706440377076,0.405872344888172,2.1,7.8
"Seth Lugo",0.29855743678279,0.40333542218375,0,4
"TJ Rivera",0.323452126407579,0.420696519167664,0,-1.3
"Jett Bandy",0.309106165691752,0.386455516566267,-0.2,0.6
"Curt Casali",0.320035171085631,0.419730071462698,0,0.2
"Kolten Wong",0.362761646651752,0.401416955543695,3.8,0.8
"Marcus Semien",0.325360905195069,0.401875909289687,5.2,2.7
"CJ Cron",0.30952584442104,0.445055888180536,-1.8,-6
"John Hicks",0.310806248936105,0.413350482803448,0,-3.9
"Eugenio Suarez",0.369142932317474,0.453851705209039,-1.5,9.1
"Trevor Story",0.28287178692274,0.411644116834678,0.2,6.9
"Adam Morgan",0.317633397594102,0.409672576598143,0,0.4
"Taylor Featherston",0.31454261322584,0.409507603666066,0,-0.4
"Mike Marjama",0.31361408400863,0.423982623379472,-0.3,1.4
"Raffy Lopez",0.312790641099729,0.418075564665582,0,0.4
"Jerad Eickhoff",0.298473079680633,0.386210321978288,0,4
"O'Koyea Dickson",0.316239190133897,0.402640743538932,0,-0.2
"Billy Burns",0.311779202612895,0.404821758199333,0,-0.3
"Trevor Bauer",0.312880093658711,0.407191577585727,0,0.4
"Tyler Collins",0.307126806566202,0.385184554893505,0,1.7
"Tyler Pill",0.310215196924458,0.403751092635131,0,0.6
"Breyvic Valera",0.310767972477877,0.399470172572314,0,-0.3
"Rafael Montero",0.297779333720268,0.385069960113497,0,3.3
"Brad Miller",0.346781165661739,0.368288581619615,-0.7,-6
"John Brebbia",0.314810226122481,0.409723845689257,0,0.1
"Sam Gaviglio",0.313563949556002,0.407094426949818,0,0.6
"Sean Gilmartin",0.317186123825552,0.415194648695415,0,0.1
"Taylor Davis",0.308039187451317,0.40126518157521,0,0
"Matt Wisler",0.313901321497603,0.408486104866413,0,0.4
"Mike Clevinger",0.312880093658711,0.407191577585727,0,0.4
"Alex Meyer",0.31533311101349,0.409487393433331,0,0.2
"George Springer",0.373511679841672,0.515758971971229,-2.2,-7.2
"Brian Goodwin",0.315236036449107,0.473106898220921,-0.4,-5.5
"James McCann",0.340407313992406,0.447862192760748,-1.8,8.2
"Anthony Rendon",0.388147175485142,0.520349185627279,1.9,16.8
"Tyler Anderson",0.290857638961957,0.372162071650994,0,3.9
"Gregory Polanco",0.313106749597945,0.407161772805811,3.1,-2.4
"Francisco Lindor",0.348616902711011,0.516358086377192,4.65425531914894,12.8457446808511
"Archie Bradley",0.313689267160173,0.407268489280648,0,0.5
"Alen Hanson",0.280527695901405,0.36873329683577,0,-4.9
"Brandon Nimmo",0.345736260992907,0.410834556712358,0.5,-0.7
"Jose Osuna",0.305246726692277,0.460825925233724,0,-5.1
"Gabriel Ynoa",0.314494317458736,0.409311314706301,0,0.1
"Phillip Evans",0.320468144087118,0.403244706516421,-0.1,0.1
"Willy Garcia",0.306256254024793,0.398890950714964,0,-1.4
"Steve Selsky",0.309016365923972,0.404468442441356,0,0.3
"Joe Musgrove",0.3115689750204,0.405395090013078,0,0.6
"Joe Ross",0.297509370899336,0.384472877754312,0,4.4
"Austin Hedges",0.274029814514357,0.413663138116386,-0.9,9.3
"Javier Baez",0.296915403730428,0.44822754826202,4,3.9
"Cam Gallagher",0.31474026186411,0.408694233862121,-0.3,-0.4
"Jackie Bradley",0.32416461282184,0.402302631893275,5.4,5.8
"Kelby Tomlinson",0.326100995276463,0.36855956504417,1.5,0.9
"Teoscar Hernandez",0.304379602851542,0.461408299592942,0,-1.1
"Wei-Yin Chen",0.309967679191347,0.40250022787859,0,1
"Yu Darvish",0.30363536934042,0.391003210121325,0,2.7
"Nori Aoki",0.335837699910796,0.394055501887603,0,-5.5
"Yoenis Cespedes",0.33602559071959,0.500960800374955,-0.6,-6.9
"Gerrit Cole",0.283705411254915,0.370736166787677,0,8.1
"Mikie Mahtook",0.335763764616539,0.466441378918723,3.4,-4
"Andrew Susac",0.305942032336462,0.397091052354126,0,0.1
"Josh Bell",0.348923381656911,0.492032736026318,-7.9,-13
"Jorge Polanco",0.312914333335234,0.408314270029541,0,1.2
"Luis Sardinas",0.307695149396465,0.376828546991066,0,-0.4
"Marco Hernandez",0.308403270868773,0.389060798998863,0,0
"Nick Delmonico",0.343084910711794,0.443398313823211,-0.6,-2.9
"Eduardo Rodriguez",0.309941600338867,0.403312147911185,0,0.8
"Blake Swihart",0.315645874049365,0.401536067910425,0,-0.2
"Zach Davies",0.306727074728518,0.376018155091594,0,8.5
"Orlando Arcia",0.321020218185434,0.390796857273192,0.4,4.7
"Joe Biagini",0.313470861214677,0.407884619337426,0,0.4
"Michael Fulmer",0.311350483769668,0.405206226469957,0,0.6
"Mike Zunino",0.312443119866826,0.488753547850265,0,9.3
"Nolan Fontana",0.312644940210366,0.40557757260436,-0.4,0.8
"Zach Vincej",0.314172547881007,0.396016955934874,0,0.1
"Ross Stripling",0.307723359505325,0.400385199537253,0,1.1
"Joey Rickard",0.272139675682255,0.337812867622575,0,3.3
"Ildemaro Vargas",0.311244902235885,0.404368834089115,0,0
"Deven Marrero",0.295791166121253,0.382452902425467,0.7,6.9
"Jake Lamb",0.365020369228596,0.488750625728773,1,-5.1
"Omar Narvaez",0.34317724594905,0.348192300282752,-0.9,5.5
"Luke Maile",0.279510602079924,0.36162441996207,1,5.1
"Tyler Naquin",0.307678494577774,0.393698872267863,0.3,-0.6
"Steven Matz",0.308478211365555,0.398924195207873,0,3
"Stephen Piscotty",0.341289870986884,0.37154904046232,-4.5,-4.9
"Erik Gonzalez",0.301840437970186,0.40906634436254,0,2
"Dylan Floro",0.312804320866924,0.407021952909275,0,0.5
"Felix Pena",0.315625002073542,0.406368223210094,0,0.5
"Andrew Toles",0.317832889918958,0.427544488058782,0,1.3
"Christian Walker",0.320529815235925,0.431944381294735,0,-0.2
"Marcus Stroman",0.313712128489703,0.419175415133454,0,0.8
"Cam Perkins",0.297175568144713,0.372973518949497,0,-1.3
"Eddie Butler",0.307299854469895,0.395378561799411,0,2.6
"Luke Sims",0.301881945908736,0.391641118235192,0,2.1
"Dwight Smith",0.311223516315779,0.395695211801457,0,-1.9
"Tom Murphy",0.30342160545034,0.388799903758189,0,-0.5
"Jose Ramirez",0.365281898089452,0.568335624429953,-1.1,7.2
"Matt Bowman",0.313898207255748,0.408567675448647,0,0.1
"Blake Snell",0.313864608167821,0.403333178433891,0,0.8
"Alec Asher",0.314393166764253,0.409185325202159,0,0.1
"Jesse Winker",0.332284342595286,0.442717094581419,-0.6,-4.8
"Jose Peraza",0.30264987634874,0.323999105316382,2.6,3.2
"Robert Stephenson",0.294596277176768,0.38212956310807,0,3
"Mallex Smith",0.316047295298651,0.365113891338648,3.1,0.1
"Mookie Betts",0.350650546503101,0.465443714860186,8.76177658142665,12.3418573351279
"Ketel Marte",0.337547947075019,0.401179780852622,1,4.3
"Carson Kelly",0.308254712662795,0.377287565424916,0,1.4
"Jeimer Candelario",0.318535092189293,0.398828227794342,-0.9,-2.1
"Corey Seager",0.380185911352392,0.476122094536071,3.1,13.3
"Preston Tucker",0.318039076094897,0.430294602143631,0,-0.3
"Jharel Cotton",0.312800208746925,0.407140166974323,0,0.2
"Terrance Gore",0.315203113356528,0.405857333134594,0,-0.5
"John Gant",0.313434994560401,0.407909304422429,0,0.4
"Sal Romano",0.295582118860217,0.382154566649091,0,3.6
"Robert Gsellman",0.312221702989747,0.385789979436217,0,5.3
"Chris Bostick",0.317798381505917,0.397315920351142,0,0.4
"Jacob Stallings",0.318613233884396,0.411382867250741,0,0.3
"Max Fried",0.312098965720656,0.401217768297984,0,1.1
"Tomas Nido",0.313375562372454,0.408225673127757,0,0.2
"Chris Taylor",0.344657000281307,0.475573742422311,7.4,3.2
"Chris Stratton",0.310232320175063,0.402207686203272,0,2.2
"Travis Jankowski",0.310012562861872,0.358344006158908,0,1.3
"Raul Mondesi",0.299594443996473,0.383196736189128,0,1.4
"Rob Refsnyder",0.306431789679326,0.373420920790073,-0.1,-1.1
"Zach Eflin",0.302916367642323,0.390836640329519,0,2.6
"Adonis Garcia",0.308432919621395,0.395712208683921,0,-0.4
"Alex Wood",0.280607133543833,0.352085146926907,0,6.9
"Matt Reynolds",0.308574178194364,0.347621239846032,0,-0.1
"Kevin Plawecki",0.336886279238536,0.415352522025911,1,1.1
"Micah Johnson",0.309840099520101,0.401110552727725,0,0.2
"Chris O'Grady",0.307702286561971,0.400464695278191,0,1.1
"Ian Parmley",0.31239228408582,0.406482962184206,0,0.3
"Matt Duffy",0.306461139025561,0.405674840924101,0,-0.5
"Joey Wendle",0.317345099088925,0.422675763992565,0.1,0.7
"Devon Travis",0.311703507087618,0.427868674214285,0.1,2.3
"Bruce Maxwell",0.321132275165769,0.363685748667038,-3.1,4
"Alex Mejia",0.298133541434317,0.385237332413257,0,1.7
"Paul Sewald",0.312847472297997,0.407200676219395,0,0.2
"Chris Flexen",0.306224789961908,0.400055125399804,0,1.7
"Patrick Kivlehan",0.317531094667264,0.409111779280004,0,-4.3
"Dietrich Enns",0.314356453243148,0.408234479323758,0,0.2
"Brent Suter",0.308410899925925,0.395505893764266,0,2.9
"Michael Wacha",0.291090962642094,0.373699471961735,0,6.8
"Rio Ruiz",0.312819537293377,0.371151275436844,0,2.6
"Addison Russell",0.319837299258061,0.430239180093525,1,9.7
"Kevin Gausman",0.313444317458736,0.407944648039635,0,0.2
"Albert Almora",0.321026766956903,0.417505719504811,-1.4,2.2
"Ramon Torres",0.309383542917904,0.377966704122538,0,2
"Lance McCullers",0.313403497711934,0.407803187526517,0,0.4
"Joey Gallo",0.34478240536828,0.554891552166429,5,-10
"Dan Vogelbach",0.317074861188607,0.39986741086218,-0.9,-2.1
"Gregory Bird",0.314043014257047,0.428594069353165,0,-4.5
"Daniel Robertson",0.31678139685913,0.369031376626731,-1.2,1.7
"Mac Williamson",0.304341239839365,0.404468730550368,0,-2.7
"Byron Buxton",0.300827789998158,0.394851884979371,12.2,12.6
"Carlos Correa",0.381171646149338,0.523115905455684,2.1,3.8
"Jose Berrios",0.312537248725038,0.405805044684579,0,0.6
"Josh Hader",0.31186281375605,0.405831247209813,0,0.5
"Jorge Soler",0.299613215640142,0.373673202335382,-0.9,-2.3
"Yasiel Puig",0.35607617511322,0.490668586220533,-8.1,6.2
"Brian Johnson",0.31331172632538,0.407752157702014,0,0.5
"Mitch Haniger",0.340778011421702,0.477799030960744,-2.3,-1.8
"Wilmer Difo",0.318672639941752,0.380168723234794,3.7,7
"Anthony Alford",0.310974991437054,0.406832957379764,0,0
"Nick Williams",0.32244760733838,0.439245510604188,-2.2,-5.9
"Matt Olson",0.340900626669145,0.552509494548678,-1.5,-2.8
"Raimel Tapia",0.30662593544535,0.392254587016401,0,-4.7
"Lewis Brinson",0.313870973925764,0.399075545947656,0.7,3.3
"Ty Blach",0.309225908669136,0.39981622912056,0,6.7
"Jake Thompson",0.309803433720518,0.400703799828398,0,1.7
"Tyler Glasnow",0.317998511192372,0.391334848065439,0,2.7
"Amir Garrett",0.302709786754342,0.39606479493397,0,2.7
"Jackson Stephens",0.312659031893706,0.404984654621061,0,0.7
"Hyun-Jin Ryu",0.30646650653783,0.380529759230627,0,4.5
"Adam Conley",0.301628807671882,0.379410256832493,0,3.8
"Renato Nunez",0.311612319343129,0.409725649577306,0,-0.4
"Pedro Severino",0.305463207342754,0.390279514736721,-0.4,1.5
"Anthony Santander",0.308512408452815,0.404359422488842,0.2,0.2
"Nomar Mazara",0.325138923700938,0.427183721041796,-3,-10.6
"Max Moroff",0.308756131584464,0.371988131836668,0,5.5
"Carlos Tocci",0.309477596947193,0.402750120582075,0,-0.1
"Franchy Cordero",0.296042122537336,0.407722281660731,0,1.6
"Tzu-Wei Lin",0.319749947965937,0.385684491729438,0,2.5
"Luis Perdomo",0.288555949402757,0.400114742078214,0,6.3
"Anthony Banda",0.310629299951255,0.404191585210017,0,0.7
"Manuel Margot",0.31732743182111,0.416008665904087,1,6.7
"Brett Phillips",0.314203661238543,0.402568923389725,0,4.5
"Phillip Ervin",0.312458069338011,0.410805426281197,0.8,-2.9
"Paul Blackburn",0.31237192278456,0.40656161181105,0,0.4
"Julio Urias",0.309560901419318,0.401784987006658,0,0.8
"Emilio Pagan",0.312798604452422,0.40713863218863,0,0.2
"Luke Voit",0.313438556908129,0.422100651089247,0,-0.7
"Kyle Farmer",0.319136091845629,0.411854781206383,-0.5,1.2
"JaCoby Jones",0.291437580227086,0.36505342463522,0.2,-0.2
"Michael Lorenzen",0.309837906003323,0.410873396133675,0,1.4
"Zack Godley",0.291387517420384,0.370386706994314,0,6.6
"Caleb Smith",0.312402399518134,0.406609578532173,0,0.4
"Jacob May",0.29559791141959,0.364936263166006,0,-1.1
"Pat Valaika",0.289192719064084,0.442117274653002,2.3,-0.4
"Tony Kemp",0.306602523775709,0.386478951711397,0,0.5
"Jon Gray",0.292503275745045,0.382715226074495,0,5.7
"Ben Lively",0.308652797263054,0.411371285906413,0,3.4
"Aaron Blair",0.31811293463807,0.412100328240973,0,0.2
"Jack Reinheimer",0.310443174781765,0.404025935104915,0,0.2
"Andrew Knapp",0.336121336284372,0.379968916725742,0.5,2.9
"Johan Camargo",0.302352056319685,0.412965524084058,0,3
"Jose Torres",0.316405501398511,0.410857051039719,0,0.1
"Rookie Davis",0.308486855265942,0.400678251607071,0,1
"Victor Caratini",0.316868510976856,0.398865347585116,-0.4,1.4
"Chad Kuhl",0.29237475552451,0.378417557456968,0,6.2
"German Marquez",0.296929400851459,0.384741083961264,0,6.6
"Adam Engel",0.259250185315678,0.316064238181888,4.2,1.6
"Rob Zastryzny",0.31435823418104,0.408157569706752,0,0.4
"Boog Powell",0.318051411448733,0.392361170263732,-0.9,-0.2
"Ryan McMahon",0.315388733292026,0.393607369337981,-0.1,0.6
"Tim Locastro",0.314434137341519,0.409231488108109,0,0
"Trey Mancini",0.318146284446882,0.457289199623766,-0.2,-14.2
"Jimmy Yacabonis",0.313444317458736,0.407944648039635,0,0.2
"Braden Shipley",0.310971177269424,0.404615380761996,0,0.7
"Mitch Garver",0.310668434901875,0.400723087670317,0.2,-0.6
"Luiz Gohara",0.306494416479947,0.398847697937065,0,1.2
"Tim Anderson",0.270236969523627,0.392088755746458,4.6,-5.4
"Chad Pinder",0.301064821583554,0.44975032644839,-3.2,-2.4
"Carlos Asuaje",0.310768231639636,0.345623448066632,-1.6,2.7
"Stuart Turner",0.289717037033376,0.376699592857475,0,1.5
"Adam Frazier",0.366455984076557,0.432959547221928,2.2,-4.9
"Shane Carle",0.311798118287407,0.40583459262745,0,0.4
"Mike Tauchman",0.314037159864805,0.396762033253524,-0.5,-1.1
"Garrett Cooper",0.312817311672295,0.412576302770133,0.2,-0.5
"Steven Brault",0.313069788676292,0.407860923732689,0,1.8
"Zack Granite",0.325578136981872,0.377546762727414,0,0.6
"Kyle Lloyd",0.314503945071037,0.409333679156146,0,0.1
"Kris Bryant",0.394384105574232,0.511067647229452,4.9,2.1
"Matt Boyd",0.314373537182645,0.408231115155982,0,0.4
"Ryon Healy",0.288631834067081,0.437204972977584,-2,-16.4
"Nick Pivetta",0.291857108358747,0.376882313040556,0,6.3
"Hunter Renfroe",0.282626347796127,0.468220377558731,0.2,-11.9
"Marco Gonzales",0.312192567997229,0.404555025545547,0,0.8
"Victor Reyes",0.315442759661197,0.410535616042255,0,0.2
"Antonio Senzatela",0.295159356172723,0.383460862770711,0,4.7
"JP Crawford",0.322934097808847,0.379506685404124,0.2,1.3
"Amed Rosario",0.295109125955877,0.401072698480281,-0.2,3.6
"Franklin Barreto",0.297234626360788,0.394262182472722,0,-2.1
"Jen-Ho Tseng",0.314470730228593,0.409279886219174,0,0.1
"Mark Leiter",0.297867602348352,0.385235992254573,0,3.1
"Tyler White",0.315383558706264,0.429456609810326,0,-3
"Nick Wittgren",0.311856068056901,0.405889893571152,0,0.5
"Ariel Hernandez",0.313447865397424,0.40794229232624,0,0.2
"Aaron Judge",0.415267817434722,0.603354211954353,-0.592383638928068,-0.691114245416079
"Jacob Hannemann",0.308533506321312,0.408602328506368,0,-0.9
"Dominic Smith",0.3043484004905,0.427959983018095,0,-4.1
"Billy McKinney",0.31308279900953,0.406493798861257,0,-0.8
"Jose Abreu",0.349740824341301,0.542942275648645,-2.09401709401709,-12.0655270655271
"Luis Castillo",0.304117891569964,0.390730394726757,0,4
"Chance Sisco",0.3227193028472,0.434250681194735,-0.4,-0.5
"Allen Cordoba",0.297664676995895,0.334347272464428,0,-4.9
"Tyler Wade",0.300735333539479,0.378217622391488,0.5,-2.4
"Masahiro Tanaka",0.31179823093529,0.405836364213261,0,0.4
"Raudy Read",0.31090166567376,0.401832934373734,0,0.1
"Rafael Bautista",0.308764789563589,0.390389792697923,0,0.1
"Sean Manaea",0.315044529327766,0.404562288234074,0,0.6
"Miguel Andujar",0.319444386234205,0.416961284712736,0.3,-0.3
"Luis Severino",0.312151787814062,0.405273396111697,0,0.6
"Luis Torrens",0.298463215337783,0.335065691438036,0,1.7
"Aledmys Diaz",0.284902566856757,0.3832784654509,-1.4,2.2
"Ryder Jones",0.278928663142499,0.342788112125175,0,-3.9
"Clint Frazier",0.293725656062401,0.424008929111624,0,-5.8
"Cody Bellinger",0.361166523876472,0.583045826916782,2,-6.3
"Odrisamer Despaigne",0.307846410363246,0.399174178717877,0,2.7
"Carlos Rodon",0.311884779707214,0.407598433482321,0,0.8
"Aaron Nola",0.296344087272858,0.369797788878738,0,7
"Austin Slater",0.311031420222812,0.393134158163884,0,-1.6
"Brandon Woodruff",0.314367480853238,0.402647058808741,0,1.4
"Daniel Gossett",0.306764582991727,0.398082365020567,0,0.8
"Derek Fisher",0.321423341117399,0.396003414179479,-0.7,-1.6
"Brandon Finnegan",0.313015728503117,0.407122141040785,0,0.7
"JD Davis",0.311863633143684,0.425523061019894,-1.5,-0.9
"Bradley Zimmer",0.308663531619484,0.388827726577197,7,6.6
"AJ Reed",0.310270848031172,0.403724443374466,0,-0.1
"Trea Turner",0.325757313403002,0.440455036717424,8.6,4.6
"Kyle Freeland",0.293624766389309,0.382801036543614,0,7
"Sam Travis",0.306644956953886,0.377259252782178,0,-0.9
"Yairo Munoz",0.308968695001976,0.401196995190683,0,0.2
"Tyler Mahle",0.314422522688496,0.405062021075413,0,1.3
"Michael Conforto",0.392735153079724,0.564753787195902,2.9,0.5
"Francisco Mejia",0.313203006625417,0.401711392539451,0,-0.5
"Richard Urena",0.310710530848704,0.391052090598303,0,-0.7
"Jordan Luplow",0.306580957052887,0.4081154829079,0,-2.5
"Christian Arroyo",0.300435404841818,0.388830976802771,0,1.1
"Rhys Hoskins",0.374784296969023,0.534446420485645,2.5,-3.1
"Kyle Schwarber",0.325303429485218,0.473351623928869,-0.9,-2.8
"Matt Chapman",0.309605052119659,0.457292578195195,1.9,12.7
"Jordan Montgomery",0.316936159749716,0.403804192213447,0,0.6
"Ozzie Albies",0.337206304060639,0.43647301934628,3.1,4.3
"Mark Zagunis",0.313531184397072,0.390435800530961,0,0.7
"Yandy Diaz",0.340377024874037,0.364132279072011,0,0.7
"Greg Allen",0.310834035914407,0.401238537537016,0,-1.3
"Brock Stewart",0.312517949008196,0.405507275294748,0,0.6
"Braxton Lee",0.313619291664335,0.403785892002612,0,0
"Aaron Wilkerson",0.314393861854995,0.408922176764459,0,0.5
"Colin Moran",0.318680307393931,0.431843477236719,0,-1.3
"Luke Weaver",0.307452225334627,0.394581517700853,0,3
"Sean Newcomb",0.294630415214064,0.371962169424463,0,4.2
"Trevor Williams",0.2927698421344,0.369483448840057,0,5.6
"Daniel Mengden",0.317986588505104,0.409047409923695,0,0.5
"Gavin Cecchini",0.297172442626496,0.36999758571856,0,0.5
"Magneuris Sierra",0.312421838630614,0.375388637362792,0,-1.6
"Alex Verdugo",0.316035134934572,0.409677117504518,0,-0.4
"Miguel Gomez",0.308623523455664,0.402377412714324,0,0.9
"Raisel Iglesias",0.314845950061785,0.412156462813744,0,0.1
"Chad Wallach",0.300487036007616,0.388846624820625,0.2,0.6
"Yasmany Tomas",0.309726667969159,0.44657434300934,0,-2.9
"Dinelson Lamet",0.286098033490741,0.369093077985621,0,4.5
"Yoan Moncada",0.327618251004217,0.408408371459425,1.8,-1.4
"Brian Ellington",0.313849860577213,0.408504700374213,0,0.1
"Austin Brice",0.313399899781178,0.407739520496715,0,0.5
"Rafael Devers",0.311664197346858,0.429901882725726,-0.3,-1.4
"Erick Fedde",0.310721500760499,0.404405247680415,0,0.6
"Jeff Hoffman",0.290323336049648,0.377638906156605,0,4.3
"Jack Flaherty",0.311018646069075,0.404763075695845,0,1
"Ariel Miranda",0.30971691413384,0.403084080745604,0,0.7
"JT Riddle",0.289955807784401,0.373136924454715,0,4.8
"Alex Bregman",0.355101957930917,0.465493273678416,-0.3,-3
"Willie Calhoun",0.311777883948623,0.397763266922835,0,-1.5
"Andrew Benintendi",0.352741267348557,0.423738979864352,2.2,-4.8
"Ian Happ",0.323667983751525,0.499133310026713,-2.3,0.8
"Andrew Stevenson",0.308885819704443,0.373193009027582,0,0.6
"Scott Kingery",0.314184540394048,0.407757497983263,0,0.1
"Paul DeJong",0.301791632448749,0.505988372884821,-2.2,5.3
"Harrison Bader",0.308534325764313,0.403657454253213,1.6,-0.5
"Jarlin Garcia",0.313452399518134,0.40797624519884,0,0.3
"Brian Anderson",0.318109340679922,0.395831381815923,-0.4,-0.4
"Dansby Swanson",0.32314380798934,0.338107655057421,2.1,6.9
"Victor Robles",0.311243646072631,0.410823469194744,0,-0.1
"Kenta Maeda",0.301900300631633,0.390946090223838,0,5.5
"Hyun Soo Kim",0.319573478513748,0.329786316260656,0,-7.9
"Guillermo Heredia",0.309861815609527,0.332496607102601,-1.3,-3.1
"Dillon Peters",0.307137999823337,0.399745814179317,0,1.6
"Miguel Diaz",0.312958308422299,0.407262055668691,0,0.5
"Yulieski Gurriel",0.32964692302412,0.469948252470319,0,-14.7
"Joey Lucchesi",0.313483128018117,0.407964743320969,0,0.4
"Hector Velazquez",0.313899144051185,0.408569445732893,0,0.1
"Austin Hays",0.299337762488587,0.390322576918253,0,-4.1
"Jae-Gyun Hwang",0.304204201681369,0.384573297226862,0,1.2
"Shohei Ohtani",0.317785210890592,0.428541019326977,0,-0.3
