"Name","ParkNormalizedOBPAgainst","ParkNormalizedSLGAgainst","GBPerc","Rank","Factor"
"Aaron Blair",0.3301463713108,0.4270420897556,0.5,0.493444653810898,1.01316655104196
"Aaron Bummer",0.327482939723865,0.380353481109825,0.5735,0.5,1
"Aaron Loup",0.320804672487412,0.34940355870405,0.508809744779582,0.5,1
"Aaron Nola",0.286858858586895,0.341581161631363,0.501990361445783,0.560316322663657,0.918731316406951
"Aaron Sanchez",0.343448594229301,0.396318593643805,0.493411428571429,0.516627093912863,0.993879209247559
"Aaron Slegers",0.327167142209899,0.422014081193583,0.424235294117647,0.49366304069298,0.998194676470475
"Aaron Wilkerson",0.320853237065746,0.415442700269699,0.373825,0.500622192011752,1.00345437367452
"Adalberto Mejia",0.324856091522657,0.442657721228451,0.383685370741483,0.47361821401296,1.03224319597298
"Adam Cimber",0.302948954096328,0.404116898425804,0.526,0.5,1
"Adam Conley",0.336299908578387,0.46950765768262,0.408305172413793,0.476480737495187,1.11806864934625
"Adam Kolarek",0.344914563547216,0.4129435367319,0.541658536585366,0.5,1
"Adam Liberatore",0.327935117044406,0.384208237364463,0.625,0.5,1
"Adam Morgan",0.281646669818139,0.360580491433641,0.484683473389356,0.5,1
"Adam Ottavino",0.310191114210203,0.319087565113966,0.426760273972603,0.5,1
"Adam Plutko",0.305281385429017,0.488982182328208,0.28,0.528912131248553,1.04924734531209
"Adam Wainwright",0.340161901879719,0.428904652485029,0.482132492113565,0.53257300377333,1.00972611007807
"Adam Warren",0.302554613860283,0.36852769907249,0.408555555555556,0.5,1
"Adam Wilk",0.3378072036776,0.4508773639992,0.389,0.494374115060735,1.01095709104636
"Addison Reed",0.289406917467896,0.427433480189158,0.356514522821577,0.5,1
"Adrian Houser",0.335641742305967,0.423665247607346,0.394,0.5,1
"AJ Cole",0.320672846091574,0.420158719774237,0.414281767955801,0.485267422416029,1.0215169010234
"AJ Griffin",0.318817611,0.505749593,0.285,0.469063049199044,1.0612370539581
"AJ Minter",0.303176292558917,0.375641463741248,0.362358974358974,0.5,1
"AJ Ramos",0.325871322358806,0.376958605216267,0.366410404624278,0.5,1
"AJ Schugel",0.3255302636576,0.4041078169184,0.527,0.5,1
"Akeel Morris",0.327646843326267,0.424901075445614,0.346350515463918,0.5,1
"Al Alburquerque",0.3209589568724,0.3833132185548,0.551,0.5,1
"Alan Busenitz",0.312954264888037,0.420748872391384,0.363118279569893,0.5,1
"Albert Suarez",0.317286940596,0.412416322502,0.455,0.5,1
"Alec Asher",0.331344490320235,0.418431436175871,0.384838129496403,0.486216957447503,1.03310640476712
"Alec Mills",0.325672899465782,0.405669056210075,0.25,0.5,1
"Alejandro Chacin",0.3322525041024,0.416928603072,0.364,0.5,1
"Alex Avila",0.328433337779901,0.413945650020418,0.143,0.5,1
"Alex Blandino",0.329257668862559,0.407300195789819,0.5,0.5,1
"Alex Claudio",0.290150233277675,0.375900621599831,0.635457466918715,0.497567288056808,1.0060649139181
"Alex Cobb",0.325871354789269,0.465882307404907,0.486884201819686,0.445508162802078,1.00474982219322
"Alex Colome",0.315077418177281,0.39410858211923,0.469172916666667,0.5,1
"Alex Meyer",0.3370428027,0.3743327782,0.465,0.485952771428877,0.988264926270931
"Alex Reyes",0.336971107798281,0.413449759886108,0.4,0.502568398600197,0.993031093698183
"Alex Wilson",0.319738239645362,0.45440140832432,0.445286052009456,0.5,1
"Alex Wimmers",0.3350414628576,0.4098264655216,0.348,0.5,1
"Alex Wood",0.30394908836285,0.39856796901219,0.504787465940054,0.619113874399088,0.961784549582773
"Alexi Ogando",0.334051774876862,0.416428323286404,0.25,0.5,1
"Amir Garrett",0.321299553830035,0.423062271863729,0.421565714285714,0.460373979866651,1.05876104088092
"Andres Blanco",0.3298294484272,0.4135650772544,0,0.5,1
"Andres Machado",0.3286728257664,0.4151461855232,0.5,0.5,1
"Andrew Albers",0.315963031784,0.4344307918488,0.336,0.505555184121095,1.02428643293718
"Andrew Bailey",0.3250910800256,0.4057680958144,0.273,0.5,1
"Andrew Cashner",0.339939894764296,0.454622793455923,0.457751677852349,0.434368151881729,1.0327226705088
"Andrew Chafin",0.312718716840582,0.349294027996051,0.530557333333333,0.5,1
"Andrew Heaney",0.317749373049707,0.434792225683937,0.39036724137931,0.565769790445506,1.00370875643332
"Andrew Kittredge",0.320361306338491,0.412781208592876,0.505402173913043,0.487935162462985,0.978885034555254
"Andrew Miller",0.279172787760436,0.299419277950766,0.417354838709677,0.5,1
"Andrew Moore",0.3276195085284,0.5103610655972,0.287,0.49017587137944,1.04910474911648
"Andrew Romine",0.33766386633135,0.413659838260795,0.425,0.5,1
"Andrew Suarez",0.31941812044827,0.425364121142425,0.512,0.526681122111257,0.953804317696862
"Andrew Triggs",0.320388617670301,0.390854087899682,0.488606451612903,0.538435365474142,1.0171699292382
"Angel Sanchez",0.3229109365272,0.4263143169848,0.419,0.5,1
"Anibal Sanchez",0.312798243948369,0.422047172541866,0.379759398496241,0.528131112512411,1.01031289077715
"Anthony Banda",0.335234719767917,0.449273613742656,0.393491228070175,0.492056535961863,1.04631676632732
"Anthony Bass",0.337092513924646,0.434840796225454,0.499666666666667,0.5,1
"Anthony DeSclafani",0.32528308290583,0.458657096608317,0.387,0.494022850666857,1.00659125250223
"Anthony Rizzo",NA,NA,0,0.5,1
"Anthony Swarzak",0.277238092292519,0.354104831150197,0.419247448979592,0.5,1
"Antonio Bastardo",0.3417629339984,0.445346637872,0.171,0.5,1
"Antonio Senzatela",0.322545988992433,0.409065566483938,0.500759084791386,0.485905608539508,1.00235474943783
"Arcenio Leon",0.3349496131152,0.4179382515176,0.478,0.5,1
"Archie Bradley",0.291309926939872,0.358492404906273,0.499161554192229,0.5,1
"Ariel Hernandez",0.3240580848144,0.386109154328,0.429,0.5,1
"Ariel Jurado",0.326135537130502,0.431987906289654,0.472,0.497780372277159,1.00791837853941
"Ariel Miranda",0.321604522560234,0.454389507150393,0.319837606837607,0.478886081133559,1.02894163005363
"Arodys Vizcaino",0.293947916745781,0.391612097735681,0.364760869565217,0.5,1
"Aroldis Chapman",0.274256532005224,0.312566492147557,0.473710875331565,0.5,1
"Artie Lewicki",0.330823070658938,0.43251379494496,0.415168421052632,0.464578852150697,0.995644699035863
"Asher Wojciechowski",0.316800901,0.4885317864,0.291,0.46022094937393,1.04629206079781
"Ashur Tolliver",0.3325162411384,0.40029918184,0.5,0.5,1
"Austin Adams",0.333699049599055,0.397525672851358,0.419444444444445,0.5,1
"Austin Bibens-Dirkx",0.340296895989302,0.487130074309312,0.377738589211618,0.467128450137424,1.01732373102203
"Austin Brice",0.316467558659739,0.40648182153466,0.507090592334495,0.5,1
"Austin Davis",0.335382600108205,0.428342235160531,0.375,0.5,1
"Austin Gomber",0.33662734868999,0.422755732966159,0.321,0.50285330954817,1.00605577958504
"Austin Maddox",0.3093743408068,0.3931450494848,0.26,0.5,1
"Austin Pruitt",0.317452554902667,0.446913799730406,0.484141463414634,0.500693412856742,1.01013769858239
"Austin Voth",0.333101235849028,0.411534573117448,0.526,0.503566218559828,1.01067052848736
"Barrett Astin",0.342901222032,0.4215128284704,0.633,0.5,1
"Bartolo Colon",0.323024803447087,0.517415943814792,0.425387434554974,0.47163664500292,1.03022299291326
"Ben Heller",0.3238624913716,0.3964096515636,0.464,0.5,1
"Ben Lively",0.337689560483777,0.494324513593315,0.356733059548255,0.447031846787797,0.979968966132283
"Ben Meyer",0.34819124073185,0.464750850430463,0.442,0.5,1
"Ben Taylor",0.332466955340206,0.434580414009806,0.320190476190476,0.5,1
"Blaine Boyer",0.333362324034811,0.433730643426526,0.404063829787234,0.5,1
"Blaine Hardy",0.324384018467222,0.471197815859786,0.385463768115942,0.454074340607101,0.943509179896427
"Blake Parker",0.287677719497793,0.391646932352868,0.409816777041943,0.5,1
"Blake Snell",0.3007107832677,0.381966586570783,0.43667874632713,0.544266036112377,0.853703831390994
"Blake Treinen",0.285465421872411,0.33860305875655,0.545777777777778,0.5,1
"Blake Wood",0.316596569930214,0.365633679347384,0.529060686015831,0.5,1
"Bobby Poyner",0.32346104845304,0.415869550685515,0.333,0.5,1
"Bobby Wahl",0.3361188879312,0.4201183227776,0.227,0.5,1
"Boone Logan",0.313505964459531,0.368947276942405,0.475865771812081,0.5,1
"Brad Boxberger",0.301183160328953,0.378277278508549,0.464939929328622,0.5,1
"Brad Brach",0.299028935303585,0.383405420742471,0.448924731182796,0.5,1
"Brad Goldberg",0.3539770533168,0.4279697410336,0.488,0.5,1
"Brad Hand",0.293536102771045,0.338475216762938,0.464560784313725,0.5,1
"Brad Keller",0.335761007277351,0.374366091471192,0.559,0.42511660499469,0.987404554581778
"Brad Peacock",0.296553044530901,0.348086658980338,0.41700683994528,0.615878655326836,1.01460421232455
"Brad Ziegler",0.322301378722842,0.363384775740934,0.691231132075472,0.5,1
"Braden Shipley",0.338542125437426,0.443355161676432,0.431167832167832,0.484080119938169,1.01777299421641
"Brandon Finnegan",0.336946797795645,0.389681702574457,0.443351851851852,0.442924167186942,1.00240187351601
"Brandon Guyer",0.329121636188385,0.410557862616226,0.333,0.5,1
"Brandon Kintzler",0.32553111730744,0.396421671279137,0.522920086393089,0.5,1
"Brandon Mann",0.338737186122264,0.454287917782004,0.192,0.5,1
"Brandon Maurer",0.327445986928603,0.455573930665891,0.389924418604651,0.5,1
"Brandon McCarthy",0.318441016841673,0.420803126081283,0.448132780082988,0.539002292098117,0.963827550217685
"Brandon Morrow",0.293746122475004,0.344166437580451,0.478828767123288,0.5,1
"Brandon Woodruff",0.31555913723603,0.388532348184034,0.487006451612903,0.524902200507931,1.00923278763358
"Brandon Workman",0.30985163537223,0.41915153550201,0.407228813559322,0.5,1
"Brent Suter",0.315503324713673,0.431134072076891,0.384381699346405,0.533625102551796,0.929499689561842
"Brett Anderson",0.345923982024016,0.474943636513275,0.502941747572816,0.500083559492864,0.965058476165658
"Brett Cecil",0.294802021649024,0.427375999029808,0.414251282051282,0.5,1
"Brett Graves",0.343032919816414,0.419332484399088,0.5,0.5,1
"Brett Nicholas",0.3327905523296,0.4318976427744,0.125,0.5,1
"Brian Duensing",0.322270339685738,0.378670277495107,0.458227160493827,0.5,1
"Brian Ellington",0.354665991024,0.4517572215236,0.354,0.5,1
"Brian Flynn",NA,NA,0.470629787234043,0.5,1
"Brian Johnson",0.304567248392244,0.414033104012024,0.384868073878628,0.550518179252116,1.05746869474673
"Brock Stewart",0.331866370302134,0.384132350187245,0.420113924050633,0.567987519020221,1.0272736675282
"Bronson Arroyo",0.3321018578,0.5390410217,0.304,0.452609041497157,1.07853899274614
"Brooks Pounders",0.339089330086302,0.456544577568239,0.300428571428571,0.5,1
"Bruce Rondon",0.345133247261645,0.434677326815858,0.393660869565217,0.5,1
"Bryan Holaday",0.327059286184639,0.406576388165164,0,0.5,1
"Bryan Mitchell",0.379297776950705,0.468606490977979,0.498461538461538,0.41265223720282,1.04216152128488
"Bryan Morris",0.333310121076,0.4140395146776,0.477,0.5,1
"Bryan Shaw",0.305265012647908,0.369160812947378,0.545197628458498,0.5,1
"Buck Farmer",0.336836814324004,0.448165733789006,0.359415313225058,0.422432484144898,1.02819961253321
"Bud Norris",0.306472689186577,0.351994104516864,0.4356,0.516574171407847,0.989770231852818
"Buddy Baumann",0.32560300606866,0.398877334361515,0.375363636363636,0.5,1
"Buddy Boshers",0.3165265168152,0.4133507154836,0.455,0.5,1
"Burch Smith",0.329774983172368,0.440100291033202,0.403,0.450733115690018,1.01681980698881
"Caleb Ferguson",0.321858423135307,0.381953820994483,0.513,0.519878147675256,1.00211774572028
"Caleb Smith",0.314225662102375,0.437808176569645,0.282330097087379,0.472591954019397,0.938932772342917
"Cam Bedrosian",0.318452444356281,0.411453397187241,0.463358974358974,0.5,1
"Carl Edwards",0.283790240992417,0.275951356369764,0.386531486146096,0.5,1
"Carlos Carrasco",0.289019307490129,0.392220645445493,0.441593700787402,0.64873808256128,0.964085282200276
"Carlos Estevez",0.3319315944588,0.3913706049172,0.451,0.5,1
"Carlos Gomez",NA,NA,0,0.5,1
"Carlos Martinez",0.318633067511023,0.383176939332302,0.507194167306216,0.540760197605546,1.02467461269233
"Carlos Ramirez",0.317592736103365,0.403314878246831,0.433515789473684,0.5,1
"Carlos Rodon",0.31483463259667,0.384184843422204,0.429433644859813,0.45088118259776,0.986576361178113
"Carlos Ruiz",0.3322004784424,0.4193667233268,0.25,0.5,1
"Carlos Tocci",0.328561844401263,0.408385741395058,0,0.5,1
"Carlos Torres",0.323205870146449,0.391425402538893,0.453837465564738,0.5,1
"Carson Fulmer",0.342137731344172,0.414517836971766,0.310279245283019,0.426457790963613,1.03205398477552
"Carson Smith",0.328421330536364,0.381463237052574,0.550516483516484,0.5,1
"Carter Capps",0.3303439463664,0.408694853248,0.525,0.5,1
"Casey Fien",0.3271688361168,0.4219843684176,0.444,0.5,1
"Casey Lawrence",0.329404435302859,0.404761277689667,0.459939577039275,0.486039741795033,1.00357316528883
"CC Sabathia",0.318649306254777,0.401394786693622,0.476265799256506,0.641704809649387,0.991059553497765
"Cesar Valdez",0.327599868952,0.47339232284,0.43,0.489761075960443,1.00219437639247
"Chad Bell",0.341323076221366,0.45017298874043,0.449343465045593,0.456937331892102,0.995975375716336
"Chad Bettis",0.316514148817442,0.405085046520372,0.490044334975369,0.476286449691205,0.993096203491605
"Chad Green",0.28590634045193,0.37952444126532,0.280587973273942,0.506737476871081,1.00860563361596
"Chad Kuhl",0.343020713847002,0.453048396182279,0.398809116809117,0.492602330604277,0.979757559401965
"Chad Qualls",0.3255360124704,0.4100683561376,0.574,0.5,1
"Charlie Morton",0.309357897238656,0.339109594592661,0.510005405405405,0.649079566049359,0.945708279979967
"Chase Anderson",0.32063004415292,0.420383954509963,0.378942995169082,0.513393439255163,0.997146718760169
"Chase De Jong",0.3460769736,0.4604588714,0.306,0.475444348090941,1.02372852225481
"Chase Whitley",0.318666016769588,0.43398858895832,0.326081967213115,0.5,1
"Chasen Bradford",0.305147708558787,0.398375489493509,0.51033,0.5,1
"Chasen Shreve",0.299836000654642,0.391922857727317,0.416961956521739,0.5,1
"Chaz Roe",0.322281268661311,0.371572974789462,0.523416216216216,0.5,1
"Chih-Wei Hu",0.320442689459333,0.414747793448829,0.28953164556962,0.5,1
"Chris Archer",0.312614673513538,0.410525956113618,0.428815019762846,0.531863020292841,0.929640668190764
"Chris Bassitt",0.335964457346587,0.411070169296848,0.402,0.509452666319558,0.991189465567479
"Chris Beck",0.352625770047912,0.477859271696996,0.420407239819005,0.5,1
"Chris Devenski",0.27279048133411,0.34624326117181,0.386524109014675,0.5,1
"Chris Flexen",NA,NA,NA,0.496776523264826,1.0017381894391
"Chris Gimenez",0.334135106435647,0.426499091563711,0.2145,0.5,1
"Chris Hatcher",0.318274046069039,0.410391712260123,0.36352784503632,0.5,1
"Chris Heston",0.345899984472,0.439216523668,0.333,0.494713605590717,1.00667509832986
"Chris Martin",0.33047168671411,0.403863722963506,0.429,0.5,1
"Chris O'Grady",0.341143872131005,0.440863719756957,0.316677966101695,0.495821903781434,1.07241887655254
"Chris Rowley",0.324826907271843,0.419095759096687,0.419642105263158,0.489339075138104,1.00763326210065
"Chris Rusin",0.284292410213012,0.339467634871296,0.568789980732177,0.5,1
"Chris Sale",0.252518224150479,0.304553165357743,0.412517487508922,0.725566582669999,0.88875671000955
"Chris Smith",0.3430704292,0.5173903025,0.369,0.441771456601311,1.02374321369806
"Chris Smith",0.3369903943,0.5538697712,0.333,0.441771456601311,1.02374321369806
"Chris Stratton",0.344909001721762,0.488721191120154,0.413671575846834,0.470019857492126,1.00025718895763
"Chris Tillman",0.370333750767036,0.501454544884022,0.40018760757315,0.447134837804918,1.07991614077145
"Chris Volstad",0.333986156802751,0.441451467309251,0.569714776632302,0.482105695925789,1.02076919652109
"Chris Young",0.3300475502096,0.4260897158672,0.405,0.487260607209671,0.998574456799683
"Christian Bergman",0.337309711920896,0.447105866248177,0.383423357664234,0.469338114443677,1.06508792725251
"Christian Bethancourt",0.33954761109,0.43631861571,0.4,0.5,1
"Christopher Flexen",0.351746388592782,0.450595245795738,0.411948717948718,0.408012537787451,1.06027588897133
"Cionel Perez",0.326040678413573,0.399653912458944,0.538,0.5,1
"Clay Buchholz",0.317907912168076,0.438845547504543,0.381487804878049,0.495371922914719,1.02114457855572
"Clay Holmes",0.335036363787464,0.399430033537787,0.647,0.493240751078646,1.01326571378322
"Clayton Kershaw",0.287980788380442,0.370410646819115,0.479692974013474,0.673710246514345,0.921179660357115
"Clayton Richard",0.337106387841962,0.419564968658787,0.585264602392681,0.474775615573304,0.940818464760111
"Cliff Pennington",0.33386603661106,0.41578970856077,0.333,0.5,1
"Cody Allen",0.291844949924599,0.363278235315809,0.322448275862069,0.5,1
"Cody Martin",0.3354083224936,0.4156027555272,0.364,0.5,1
"Cody Reed",0.330484113144134,0.392372789582103,0.543666666666667,0.488514947080399,0.988712123918147
"Cole Hamels",0.321808083047212,0.436790502052538,0.456557347670251,0.51528960868181,1.00716639375438
"Collin McHugh",0.302416167793015,0.389499076661096,0.335441558441558,0.540260992836132,1.03433849679691
"Colten Brewer",0.334337316553674,0.414117992293253,0.545,0.5,1
"Corbin Burnes",0.318892887982071,0.385913789316503,0.529,0.5,1
"Corey Kluber",0.273533043717352,0.379133473029406,0.445419282511211,0.617248406297519,0.927074604460113
"Corey Knebel",0.288194172593366,0.303995487813008,0.410361751152074,0.5,1
"Corey Oswalt",0.323451692463941,0.403075010871846,0.455,0.493602083969923,1.01946795817277
"Cory Gearrin",0.330191883580785,0.382031683763463,0.435647058823529,0.5,1
"Cory Mazzoni",0.341516323091748,0.419762297984188,0.468,0.5,1
"Cory Spangenberg",0.338538797455046,0.423092675939209,0.111,0.5,1
"Craig Breslow",0.3475138889232,0.4725567406436,0.398,0.5,1
"Craig Kimbrel",0.23775925925594,0.286369882195959,0.341445221445221,0.5,1
"Craig Stammen",0.298729938393324,0.365272103741967,0.519526802218115,0.5,1
"Dakota Hudson",0.329227796609709,0.403603635114155,0.5,0.5,1
"Dallas Keuchel",0.310019801735419,0.376913660739736,0.60697756686799,0.567961473065128,1.00156474305332
"Damien Magnifico",NA,NA,0,0.5,1
"Dan Altavilla",0.322075833976139,0.421512238974439,0.369083333333333,0.5,1
"Dan Jennings",0.326080098357336,0.366789395761964,0.576981366459627,0.5,1
"Dan Otero",0.288581188623259,0.381044214321053,0.620709046454768,0.5,1
"Dan Runzler",0.331432652232,0.41942138388,0.385,0.5,1
"Dan Slania",0.3289299996012,0.4105927930064,0.333,0.5,1
"Dan Straily",0.325889376273709,0.453960975245059,0.341365896980462,0.417808308843912,0.958748484251585
"Dan Winkler",0.304527042656922,0.378570649303583,0.397515555555556,0.5,1
"Daniel Corcino",0.334576069626728,0.405517414227267,0.462,0.5,1
"Daniel Coulombe",0.333510359859258,0.402625597029346,0.550949367088608,0.5,1
"Daniel Descalso",0.325642189551117,0.407415616458239,0.167,0.5,1
"Daniel Gossett",0.327480282821865,0.463960905635057,0.428825581395349,0.484512411650288,1.01599013863315
"Daniel Hudson",0.327013334124544,0.386859635777319,0.405553333333333,0.503412625779265,1.00007775863308
"Daniel Mengden",0.319166676209078,0.471282149332947,0.396841240875912,0.524026688283806,0.972706217929867
"Daniel Norris",0.350173567322811,0.495549416003471,0.39087617260788,0.472895042092224,1.01784729385711
"Daniel Poncedeleon",0.326418229442179,0.400693694591575,0.333,0.502193558017205,1.00022142979246
"Daniel Robertson",0.330540636110488,0.414259524302259,0,0.5,1
"Daniel Stumpf",0.334001586367717,0.436585820206156,0.395705882352941,0.5,1
"Daniel Wright",0.348213024188,0.411866950404,0.302,0.498778692551042,1.00397673932103
"Danny Barnes",0.305656256735091,0.398345940312581,0.317989949748744,0.5,1
"Danny Duffy",0.324519396150299,0.432347159719639,0.37489897260274,0.415902545775118,0.987889691675821
"Danny Farquhar",0.319766221417239,0.385039733409857,0.409036885245902,0.5,1
"Danny Salazar",0.2862837512,0.3364583488,0.392,0.597227565872111,0.94939204738215
"Dario Alvarez",0.327605629848,0.3907755101968,0.429,0.5,1
"Darren O'Day",0.291428615289252,0.342235125899089,0.419411764705882,0.5,1
"David Goforth",0.3306041302,0.4095888641552,0.333,0.5,1
"David Hale",0.329701229751752,0.433911537203263,0.417,0.5,1
"David Hernandez",0.299992255850161,0.392299427244291,0.402093333333333,0.5,1
"David Hess",0.325403749132927,0.4665618294842,0.341,0.440917127803598,1.04737368568766
"David Holmberg",0.3614380301,0.4930998941,0.429,0.404219844320043,1.05102948445624
"David Paulino",0.3243919374336,0.4411567669248,0.301,0.543633382877976,1.04610016526125
"David Phelps",0.3347741290128,0.3794001692112,0.452,0.5,1
"David Price",0.301002180061104,0.415495023863899,0.400230582524272,0.615456076603454,1.00099623179447
"David Robertson",0.270531680899034,0.319007692150079,0.449591208791209,0.5,1
"Dayan Diaz",0.325590906932,0.4227647369064,0.412,0.509332627648024,0.996781759917426
"Deck McGuire",0.332342499256364,0.440799070247879,0.312228070175439,0.502992144648863,1.04120118134943
"Dellin Betances",0.307243988721748,0.245011520045192,0.476268792710706,0.5,1
"Dennis Santana",0.337086502930046,0.418384237260557,0.25,0.5,1
"Deolis Guerra",0.319666607196,0.424808691296,0.371,0.5,1
"Dereck Rodriguez",0.335445807831492,0.502470373315217,0.406,0.494618008420191,0.976436235009183
"Derek Holland",0.327262224935273,0.464816026153364,0.377,0.473763857567198,1.00756309671585
"Derek Law",0.339420562017383,0.4341755905296,0.383859813084112,0.5,1
"Diego Castillo",0.325754703422313,0.40252580077742,0.485,0.5,1
"Diego Moreno",0.3305925294232,0.4127414711376,0.412,0.5,1
"Dietrich Enns",0.3268979134824,0.4169526961952,0.389,0.493388888049591,1.00010695730161
"Dillon Gee",0.3173632344224,0.414121690008,0.412,0.502969591515093,1.01246352972425
"Dillon Maples",0.333570439023221,0.401977544033769,0.472568181818182,0.5,1
"Dillon Overton",0.3235672472288,0.4508829687192,0.407,0.4906941108433,0.996617784456175
"Dillon Peters",0.341327487818926,0.3864864734403,0.538175373134328,0.441469696946526,1.06148602105704
"Dinelson Lamet",0.3138479578,0.410085397,0.371,0.494497244887707,0.940588169373853
"DJ Snelten",0.331798632796939,0.409022456016172,0.632,0.5,1
"Domingo German",0.301378597930878,0.424719318041137,0.398330166270784,0.613047350396757,1.02122105171755
"Dominic Leone",0.284597942766354,0.399413809281609,0.375817365269461,0.5,1
"Donnie Hart",0.319388369903388,0.390454486626142,0.516853556485356,0.5,1
"Doug Fister",0.334482979707769,0.427659409819818,0.505151248164464,0.478412628012864,0.95518263930061
"Dovydas Neverauskas",0.333444980885161,0.427604003202776,0.388155172413793,0.5,1
"Drew Anderson",0.339148177078312,0.434935517231284,0.375731707317073,0.495448256492419,1.00321196798852
"Drew Butera",0.332562072981434,0.409543647618444,0.667,0.5,1
"Drew Gagnon",0.335742325230366,0.406670698103074,0.333,0.496628919860627,1.00627877073098
"Drew Hutchison",0.333014371230391,0.411172435553785,0.5,0.5,1
"Drew Pomeranz",0.31821013521709,0.402193842317405,0.421572192513369,0.561329705054364,0.99939622028985
"Drew Rucinski",0.329236284374799,0.420129325563761,0.500466666666667,0.5,1
"Drew Smith",0.332222669870247,0.414323827457904,0.5,0.5,1
"Drew Steckenrider",0.315261033954423,0.374289820328195,0.389193083573487,0.5,1
"Drew Storen",0.3343871911584,0.3904923744632,0.5,0.5,1
"Drew VerHagen",0.31714344537337,0.455522197299469,0.5154,0.480040222212337,1.02674350324647
"Duane Underwood",0.329803531187958,0.408700223308286,0.5,0.500635204514121,1.00522810074876
"Dustin McGowan",0.3115737799,0.4171587072,0.509,0.5,1
"Dylan Bundy",0.291053773599983,0.424633793764185,0.334172006745363,0.465563098157999,0.940915930547071
"Dylan Covey",0.34063084314367,0.421447525282127,0.527,0.431089085182475,1.00988990365996
"Dylan Floro",0.310901610441665,0.40944825965912,0.547702127659574,0.5,1
"Eddie Butler",0.341919996939531,0.434359839127389,0.474584905660377,0.5269399951429,1.02848483552231
"Edgar Santana",0.310754436416351,0.398290209717672,0.471538745387454,0.5,1
"Edinson Volquez",0.3396573941,0.4210376479,0.458,0.500641272580559,1.03461016106802
"Eduardo Paredes",0.335087001747163,0.418804324436968,0.437122807017544,0.5,1
"Eduardo Rodriguez",0.296189347444616,0.365402637338136,0.37453216374269,0.617653513367766,0.995829018978639
"Edubray Ramos",0.316528565293653,0.37375597819545,0.342122448979592,0.5,1
"Edward Mujica",0.326701433844,0.439784586944,0.304,0.5,1
"Edward Paredes",0.32085632330615,0.398027610595541,0.23965625,0.5,1
"Edwin Diaz",0.273876013086184,0.299677638780974,0.418615062761506,0.5,1
"Edwin Jackson",0.316274915425984,0.453371093584593,0.371972277227723,0.494883226623487,1.01069911461181
"Elieser Hernandez",0.348931873198934,0.487071427575597,0.28,0.448988562410392,1.01766382834806
"Emilio Pagan",0.295219180770265,0.43998723290912,0.258440414507772,0.5,1
"Enny Romero",0.316746564480297,0.407806626661328,0.380232026143791,0.5,1
"Enrique Hernandez",0.332355624522066,0.418131875437951,0,0.5,1
"Enyel De Los Santos",0.333363675103962,0.432670687700045,0.382,0.500930412408313,1.01651526305273
"Erasmo Ramirez",0.305284266552024,0.45785434897568,0.42876198630137,0.500425924843499,1.01703161595259
"Eric Lauer",0.354556787809231,0.471103004504269,0.374,0.46272671415286,0.965249065635534
"Eric O'Flaherty",0.322630046872,0.424575390794,0.474,0.5,1
"Eric Skoglund",0.33758219326073,0.495112519718258,0.4032,0.451110601359542,1.02703558070197
"Eric Stout",0.333488447192977,0.421951681618439,0.417,0.5,1
"Erick Aybar",0.3301044502416,0.4086466437136,0.667,0.5,1
"Erick Fedde",0.335874040534695,0.409278151831016,0.558649746192893,0.530508741828816,1.02784482648162
"Erik Goeddel",0.30163683227012,0.387492144322874,0.450722846441948,0.5,1
"Erik Kratz",0.332226561294403,0.4092058879017,0.667,0.5,1
"Ernesto Frieri",0.331333496124,0.4080180641908,0.316,0.5,1
"Ervin Santana",0.296460460768058,0.399618018203656,0.399360043907794,0.510993247857521,0.971473925953617
"Evan Marshall",0.333247186381903,0.427590299028556,0.453533333333333,0.5,1
"Evan Phillips",0.328123746798129,0.414878003413944,0.409,0.5,1
"Evan Scribner",0.3249128710264,0.4264014407576,0.333,0.5,1
"Fabio Castillo",0.3313770430624,0.4063263222784,0.4,0.5,1
"Felipe Vazquez",0.285526764394609,0.305332377742886,0.489068965517241,0.5,1
"Felix Hernandez",0.340880478837632,0.460181685506384,0.456327188940092,0.501109570892754,0.99800713067518
"Felix Jorge",0.3315017962752,0.43696039136,0.267,0.485101299650749,1.00351329262673
"Felix Pena",0.324046354768674,0.438731597739533,0.411963696369637,0.528862471530996,1.02333586274547
"Fernando Abad",0.3153960033928,0.3925215811512,0.45,0.5,1
"Fernando Rodney",0.305693119643151,0.325698712933459,0.483032178217822,0.5,1
"Fernando Romero",0.342132958029374,0.428185478223313,0.462,0.534731471261121,0.952887578794449
"Fernando Salas",0.307653915693665,0.424558988477637,0.446339491916859,0.5,1
"Francis Martes",0.3374102472708,0.3768537645116,0.426,0.5049898915551,1.03844366230933
"Francisco Liriano",0.336337718811577,0.40447322827783,0.450361940298507,0.440025319674547,0.961887361588705
"Francisco Rodriguez",0.3397633958976,0.4772909422904,0.301,0.5,1
"Frankie Montas",0.349096071805677,0.480052376386312,0.398532338308458,0.503646190447036,1.01034557661747
"Freddy Peralta",0.31528664285694,0.392600387844769,0.306,0.556311129450884,0.947233313132057
"Gabriel Moya",0.321468039436027,0.404418639257769,0.334793650793651,0.5,1
"Gabriel Ynoa",0.3232591487724,0.459977840864,0.382,0.480508384459642,1.03794202705304
"Garrett Richards",0.310728866084153,0.38216454678374,0.50525,0.610106177374588,0.938143722341467
"George Kontos",0.287712892502563,0.389952913795892,0.472953608247423,0.5,1
"German Marquez",0.302419995987423,0.385970726458284,0.46245643153527,0.522200062945173,0.957888034252082
"Gerrit Cole",0.288691841541564,0.358041579432903,0.416143977191732,0.648713095651018,0.908761492885337
"Gerson Bautista",0.340098060579411,0.452911443789126,0.353,0.5,1
"Gio Gonzalez",0.320640757979545,0.392540196459511,0.474516616314199,0.589510984592423,1.04355674034205
"Giovanny Gallegos",0.314260464868944,0.413097771537836,0.3650625,0.5,1
"Glen Perkins",0.3428179922072,0.4359388680288,0.375,0.5,1
"Glenn Sparkman",0.348662944193357,0.444845028854076,0.400352941176471,0.5,1
"Grant Dayton",0.3280933261992,0.4448754503192,0.313,0.5,1
"Greg Garcia",0.330194932584034,0.409436309335361,0.667,0.5,1
"Greg Holland",0.292195066177627,0.362400089094384,0.39441961852861,0.5,1
"Gregory Infante",0.33040519618401,0.413082273359143,0.360375464684015,0.5,1
"Hansel Robles",0.343492874191653,0.418740659842835,0.357142857142857,0.5,1
"Harrison Musgrave",0.329090349841306,0.436731453307825,0.37,0.5,1
"Heath Fillmyer",0.331280823329786,0.392252291209195,0.565,0.49812507619457,0.997396783596669
"Heath Hembree",0.282421300114534,0.373658164945137,0.406722342733189,0.5,1
"Hector Neris",0.296954046841149,0.380798279490571,0.317555066079295,0.5,1
"Hector Rondon",0.289508700494003,0.366151323428017,0.489669230769231,0.5,1
"Hector Santiago",0.339272461784461,0.473211134782373,0.305609034267913,0.429570531182051,1.0121646805821
"Hector Velazquez",0.317561550832546,0.396431912854556,0.469468277945619,0.540637197319316,0.995252347264347
"Henderson Alvarez",0.3393683694432,0.4224230096984,0.46,0.478764135167325,0.993650948274566
"Hernan Perez",0.333592106450192,0.407379436292333,0.274,0.5,1
"Hisashi Iwakuma",0.334603652096,0.450467517696,0.408,0.482989391850984,1.00317573048882
"Hoby Milner",0.334733573094561,0.392185388599444,0.439186046511628,0.5,1
"Homer Bailey",0.344479072910328,0.48245344960944,0.425317073170732,0.450004465718693,1.02520205847506
"Hunter Cervenka",0.3420912133152,0.3921932749376,0.429,0.5,1
"Hunter Strickland",0.325350914724391,0.423826774671097,0.390679900744417,0.5,1
"Hunter Wood",0.320613892460529,0.399971059676098,0.4565,0.490312428612369,0.979874232025941
"Huston Street",0.327952235316,0.407756667326,0.364,0.5,1
"Hyun-Jin Ryu",0.322449183043872,0.416291276668756,0.471335365853659,0.571597289646363,0.946602834774098
"Ian Happ",0.329919672079461,0.413795708842652,0.5,0.5,1
"Ian Kennedy",0.327691478276202,0.48362358586404,0.333975723622782,0.423013859445642,0.968182873807607
"Ian Krol",0.32645854187303,0.410905492210952,0.426945945945946,0.5,1
"Ivan Nova",0.316162020076205,0.462389117193445,0.45546855345912,0.490919562170748,0.962476797414134
"JA Happ",0.299733874111307,0.366990368142174,0.457050756901158,0.550521849741686,0.904360284280794
"Jace Fry",0.322981578957974,0.405034493366378,0.443142857142857,0.5,1
"Jack Flaherty",0.308875724132405,0.349816229282859,0.442891891891892,0.546000340766685,0.989660249311531
"Jack Leathersich",0.33499055809,0.43091070771,0.167,0.5,1
"Jackson Stephens",0.323277181614115,0.421649057535969,0.386025423728814,0.48739537885576,1.01643241113261
"Jacob Barnes",0.304895457218807,0.347107823013336,0.522443514644351,0.5,1
"Jacob deGrom",0.278114321104861,0.351598625733703,0.451808309037901,0.606132414571396,0.853497772910694
"Jacob Rhame",0.334527221789836,0.452798260740365,0.296184210526316,0.5,1
"Jacob Turner",0.33407248521144,0.456797757497169,0.427,0.492949962936832,1.00959146524496
"Jaime Barria",0.32207863884343,0.448352702265007,0.409,0.531537608489363,1.01936491803049
"Jaime Garcia",0.332273535216231,0.445614433418335,0.506143579373104,0.507997349172896,1.00970166344661
"Jaime Schultz",0.32443406372846,0.387301659494352,0.2,0.5,1
"Jairo Diaz",0.341873687748,0.422019192992,0.591,0.5,1
"Jairo Labourt",0.3334050643648,0.409955300072,0.412,0.5,1
"Jake Arrieta",0.316493843674912,0.392825705953019,0.485517918088737,0.513736788940997,0.980455997191932
"Jake Barrett",0.326585548921077,0.410383115847423,0.409020833333333,0.5,1
"Jake Buchanan",0.3469345192324,0.4229958984848,0.574,0.5,1
"Jake Diekman",0.32262613140043,0.378567329939591,0.478447004608295,0.5,1
"Jake Esch",NA,NA,0,0.5,1
"Jake Faria",0.329497321382166,0.432038320626252,0.3598,0.527590765193636,0.966498450117777
"Jake Jewell",0.340091445137758,0.416312293187437,0.429,0.5,1
"Jake McGee",0.306127320879681,0.415425029170359,0.395609819121447,0.5,1
"Jake Odorizzi",0.321553685769969,0.465641975304413,0.2947899543379,0.490306367695029,1.01040688335798
"Jake Petricka",0.33244775957842,0.429992863593454,0.506278260869565,0.5,1
"Jake Smolinski",0.327477535498478,0.416112247639496,0.4,0.5,1
"Jake Thompson",0.348637568331479,0.4315130768113,0.458748251748252,0.399619687744953,1.06029444810875
"Jakob Junis",0.316335791573671,0.449914404737191,0.404208379272326,0.435126663325696,0.976783251226128
"Jalen Beeks",0.349087671833542,0.448539902065575,0.366,0.503309196872167,1.00064788881216
"James Hoyt",NA,NA,0.414327102803738,0.5,1
"James Norwood",0.331325120145437,0.412162390601521,0.313,0.5,1
"James Paxton",0.279097286625065,0.380817732263454,0.417945127719962,0.621717795415174,0.884077475257133
"James Pazos",0.312736035594194,0.360617255407599,0.48912,0.5,1
"James Shields",0.328795816878665,0.44679935217827,0.369237749546279,0.400216968382636,1.01495307834374
"Jameson Taillon",0.305809799952789,0.400060965039541,0.482596669750231,0.532367318220375,0.904535691278876
"Jamie Callahan",0.322281227868,0.411008507408,0.565,0.5,1
"Jandel Gustave",0.33472375727,0.4072416643,0.5,0.5,1
"Jared Hughes",0.308691014245055,0.363364650993738,0.640874458874459,0.5,1
"Jarlin Garcia",0.321641024432007,0.436109442198539,0.405931034482759,0.43496159479355,0.999426029575506
"Jarred Cosart",0.3553675567464,0.4117656136232,0.506,0.444880786426653,0.994790049670233
"Jason Adam",0.325457878830413,0.443802254776995,0.286,0.5,1
"Jason Grilli",0.3241373437184,0.4645235443872,0.267,0.5,1
"Jason Gurka",0.33380146122,0.421509239518,0,0.5,1
"Jason Hammel",0.330928408442283,0.504727778291471,0.379233128834356,0.410626393905972,0.968153868802543
"Jason Hursh",0.3356448348336,0.4099570365104,0.571,0.5,1
"Jason Motte",0.3236413908496,0.4118553152016,0.452,0.5,1
"Jason Vargas",0.321671922383362,0.435771373521478,0.393414659685864,0.455886180898419,0.997027846014215
"Jason Wheeler",0.3364827236376,0.415376921192,0.5,0.5,1
"Javy Guerra",0.321761336727937,0.414711480940404,0.523059701492537,0.5,1
"Jayson Aquino",0.3220402957136,0.4166694593624,0.442,0.489807548183292,0.995612813237188
"JB Wendelken",0.326246120813176,0.412581029385832,0.333,0.5,1
"JC Ramirez",0.333495506285785,0.42464831785423,0.49949617151608,0.509028608063174,1.01869148540296
"JD Davis",0.329399352648016,0.404160752252773,0.333,0.5,1
"Jean Machi",0.32918788153,0.4076786170428,0.522,0.5,1
"Jeanmar Gomez",0.328310345732698,0.404019826924385,0.487820512820513,0.5,1
"Jedd Gyorko",0.332469193955425,0.41961342092944,0.6,0.5,1
"Jeff Beliveau",0.325294300646689,0.419516463417201,0.427083333333333,0.5,1
"Jeff Ferrell",0.3351050544944,0.4260938606052,0.316,0.5,1
"Jeff Hoffman",0.318939620150586,0.457199826413563,0.420545454545455,0.496006626840336,0.99508167314271
"Jeff Locke",0.3308721949696,0.4497133880192,0.468,0.489727043599081,1.02881105054923
"Jeff Mathis",0.32927124945224,0.415352474278864,0,0.5,1
"Jeff Samardzija",0.305631345187594,0.445954324953042,0.392218216318786,0.486960447332868,0.999561885594864
"Jefry Rodriguez",0.329774742339481,0.445112374175393,0.379,0.516213629060471,1.02208623365082
"Jen-Ho Tseng",0.32970140211257,0.416851731014712,0.399111111111111,0.503504796783476,1
"Jerad Eickhoff",0.3407477785,0.4452106113,0.376,0.411685447147335,0.9956871632775
"Jered Weaver",0.3338817259284,0.4575384181456,0.407,0.405134172549185,1.02182504724688
"Jeremy Bleich",0.331673613892497,0.422918342189988,0,0.5,1
"Jeremy Guthrie",0.3394533803472,0.4578401446688,0.25,0.500638117806364,0.995023136341602
"Jeremy Hellickson",0.318865338921917,0.451002734893878,0.382532258064516,0.552751557526011,1.0585633696945
"Jeremy Jeffress",0.300463550854848,0.354282039688491,0.590600814663951,0.506035341306681,1.00947575802211
"Jerry Blevins",0.325636590664395,0.350206363991351,0.339357798165138,0.5,1
"Jerry Vasto",0.333605101998993,0.425590772513664,0.25,0.5,1
"Jesen Therrien",0.3284346753688,0.4101488611496,0.485,0.5,1
"Jesmuel Valentin",0.333122422023649,0.417694898463896,0.5,0.5,1
"Jesse Biddle",0.321195453652301,0.364946537092348,0.57,0.5,1
"Jesse Chavez",0.318293783463494,0.442409826151243,0.425521226415094,0.475358931825231,0.993081222202643
"Jesse Hahn",0.3519857593,0.440032973,0.456,0.480601453710468,1.03613739231275
"Jesus Sucre",0.337765463003148,0.440242058787387,0.2855,0.5,1
"Jeurys Familia",0.319559169235167,0.362064475863656,0.532529605263158,0.5,1
"Jhan Marinez",0.337526588313468,0.427926800202568,0.50779381443299,0.5,1
"Jharel Cotton",0.3199501001,0.4442568613,0.37,0.433777202185492,1.0474910209035
"Jhoulys Chacin",0.337305280555636,0.416404658896821,0.465540832049307,0.524168418850774,0.945663434094945
"Jim Johnson",0.318588399348451,0.383362371233224,0.491007025761124,0.5,1
"Jimmie Sherfy",0.321618364782615,0.401937580158617,0.451272727272727,0.5,1
"Jimmy Nelson",0.3015565018,0.350431834,0.503,0.551561019117999,0.956576877636127
"Jimmy Yacabonis",0.338624389061972,0.420080315068791,0.453125,0.486183390247039,1.02009872904378
"JJ Hoover",0.336779715153079,0.412095385128249,0.330270531400966,0.5,1
"Joakim Soria",0.297412608736463,0.325574034957748,0.457742574257426,0.5,1
"Joaquin Benoit",0.3068692932012,0.4272030963152,0.333,0.5,1
"Joe Biagini",0.320935399639686,0.410692739684385,0.540203274215553,0.495981953078686,0.992257954806142
"Joe Blanton",0.313875074898,0.45006269852,0.333,0.5,1
"Joe Jimenez",0.323967632277,0.44168670017512,0.352931740614334,0.5,1
"Joe Kelly",0.317272930683423,0.348335434359065,0.497690307328605,0.5,1
"Joe Musgrove",0.305894970176968,0.411572460964865,0.461288,0.507725431070396,0.934883312716554
"Joe Ross",0.3108469016,0.4507347605,0.375,0.543003706818454,1.05895992478582
"Joe Smith",0.272062465098477,0.344779437215996,0.480814241486068,0.5,1
"Joely Rodriguez",0.3357139882824,0.406399918212,0.585,0.5,1
"Joey Krehbiel",0.331931282992736,0.41160979182462,0.4,0.5,1
"Joey Lucchesi",0.328546451635684,0.403212294669984,0.467,0.493994172697629,0.922798481576169
"John Axford",0.335830458474326,0.372626369457934,0.521759375,0.500305983605558,1.00279243570945
"John Brebbia",0.293996288169708,0.428646611656802,0.286363636363636,0.5,1
"John Curtiss",0.326033126144754,0.405984874850394,0.252681818181818,0.5,1
"John Gant",0.318893927165696,0.417976999474368,0.477018237082067,0.500140771778363,1.01505789314212
"John Lackey",0.3128302847,0.4287754198,0.412,0.578456367328211,1.06370945175498
"John Lamb",0.328590725038431,0.445820536463461,0.343,0.518353719810597,1.00752828244452
"Johnny Barbato",0.337145490243747,0.430735998437414,0.344951807228916,0.5,1
"Johnny Cueto",0.325113746536455,0.445047523439738,0.404178654292343,0.523856619888847,0.939879574828717
"Johnny Field",0.331157020376237,0.410861951100864,0,0.5,1
"Jon Gray",0.298036152288433,0.362463415968068,0.486993513513513,0.547527911380098,0.906694480123132
"Jon Jay",0.3319541429152,0.415186794128,0,0.5,1
"Jon Lester",0.334197910482807,0.417426987225583,0.429420221169036,0.57956596964622,0.985889182604534
"Jonathan Broxton",0.3362108973264,0.4100474270264,0.426,0.5,1
"Jonathan Holder",0.295703866907952,0.408047416747649,0.357442136498516,0.5,1
"Jonathan Loaisiga",0.31951968466561,0.389012020733597,0.6,0.557825244605527,1.000450803157
"Jonny Venters",0.329583142110316,0.39540713263197,0.682,0.49923160699835,0.993936065217532
"Jordan Hicks",0.337988066929071,0.331532768625781,0.613,0.5,1
"Jordan Jankowski",0.3303453769352,0.4393951406232,0.214,0.5,1
"Jordan Lyles",0.312450300442039,0.429366564609926,0.481764705882353,0.457453143375788,0.938681854524403
"Jordan Montgomery",0.293690788246922,0.378578058680813,0.414581699346405,0.580166011293287,0.962459349578522
"Jordan Zimmermann",0.320970605683274,0.499766612235593,0.330235643564356,0.422117060904675,0.962192520479269
"Jorge De La Rosa",0.314680468101307,0.38831202441215,0.480079575596817,0.5,1
"Jorge Lopez",0.339323717563012,0.420022662960702,0.548684210526316,0.5,1
"Jose Alvarado",0.312193792777307,0.364343737759486,0.54656862745098,0.5,1
"Jose Alvarez",0.30590031900775,0.431703620593228,0.414139949109415,0.5,1
"Jose Berrios",0.299409770614869,0.397256818516545,0.398117896522477,0.526931044913409,0.925271330555031
"Jose Castillo",0.322573618576416,0.397787126093047,0.258,0.5,1
"Jose De Leon",0.33054941859,0.412647976118,0.6,0.5,1
"Jose Leclerc",0.302283640258899,0.313773699393465,0.362782729805014,0.5,1
"Jose Quintana",0.331540051113907,0.430864061227601,0.440950636942675,0.591073154499368,0.939399564295339
"Jose Ramirez",0.317291774111561,0.392301234702391,0.433912162162162,0.5,1
"Jose Ruiz",0.329775112848,0.405777136088,0.5,0.5,1
"Jose Torres",0.3182332105,0.4649457854,0.354,0.5,1
"Jose Urena",0.328330378337289,0.431156214736198,0.466966255144033,0.438654583234994,0.953233233876442
"Jose Valdez",0.332379635575737,0.45975215162074,0.354,0.5,1
"Josh Collmenter",0.324124207572,0.4318864908548,0.328,0.5,1
"Josh Edgin",0.3415199645488,0.4159259891136,0.474,0.5,1
"Josh Fields",0.287502319133598,0.413498969969817,0.279775568181818,0.5,1
"Josh Hader",0.260777385727978,0.290149089915227,0.31571834625323,0.5,1
"Josh Lindblom",0.326298484158,0.4159701023912,0.395,0.5,1
"Josh Lucas",0.326924214839035,0.405783742880493,0.548816326530612,0.503828424079118,1.00138621862334
"Josh Osich",0.3320439101074,0.41746146185437,0.449698473282443,0.5,1
"Josh Ravin",0.32336366691993,0.424816747545775,0.391376470588235,0.5,1
"Josh Smith",0.331540330766,0.4684934779864,0.459,0.5,1
"Josh Smoker",0.328377242320454,0.413319036433898,0.410379194630872,0.5,1
"Josh Tomlin",0.3168537883641,0.488369489622189,0.3685,0.544612742568323,0.984589059146241
"JP Howell",0.33600948452,0.4254296961104,0.579,0.5,1
"JT Chargois",0.31429141404102,0.382620348078924,0.593,0.5,1
"Juan Minaya",0.330702487257973,0.401391962798175,0.429024221453287,0.5,1
"Juan Nicasio",0.301183238317873,0.414129136261651,0.41573275862069,0.5,1
"Julio Teheran",0.323367432588189,0.437662451836065,0.397759259259259,0.510536109474299,0.994116116450378
"Julio Urias",0.3467257287864,0.4265741105192,0.403,0.552633908601707,0.97747018486008
"Jumbo Diaz",0.317203891104,0.441724330768,0.307,0.5,1
"Junichi Tazawa",0.331590781371233,0.45488297721508,0.317810089020772,0.5,1
"Junior Guerra",0.331952338780326,0.437252650020209,0.370002590673575,0.543323157883899,0.95284864588199
"Justin Anderson",0.331857098328154,0.346953797800202,0.473,0.5,1
"Justin Grimm",0.323123160023104,0.394014411501272,0.417779264214047,0.5,1
"Justin Haley",0.341862778693809,0.437709769226167,0.408948275862069,0.5,1
"Justin Hancock",0.328407796926147,0.394171434702961,0.414,0.5,1
"Justin Marks",0.3311237727228,0.4101828266916,0.4,0.5,1
"Justin Miller",0.300052603095917,0.407341741953774,0.338,0.5,1
"Justin Nicolino",0.3464359296136,0.4670764499684,0.466,0.465926415613143,1.05004878709738
"Justin Verlander",0.272741702589454,0.376052152501146,0.322038542396636,0.684485026417161,0.933915133037327
"Justin Wilson",0.304599450499574,0.360220479734707,0.377309692671395,0.5,1
"Kazuhisa Makita",0.338726584357171,0.429367761897758,0.16,0.5,1
"Kelvin Herrera",0.288138612543532,0.425763336183052,0.432833333333333,0.5,1
"Ken Giles",0.270876325856103,0.338712541921909,0.424218085106383,0.5,1
"Kendall Graveman",0.334949910210942,0.429958532646669,0.522498338870432,0.495438286807573,1.04574808121603
"Kendrys Morales",0.330321074040996,0.410822072880784,0,0.5,1
"Kenley Jansen",0.244255921585884,0.320899816514146,0.380467532467533,0.5,1
"Kenta Maeda",0.306837797310608,0.406330112885782,0.383561728395062,0.600360687062686,0.973584215559899
"Keone Kela",0.292384249755634,0.353528717427273,0.357171617161716,0.5,1
"Keury Mella",0.3391929743108,0.4230742706748,0.313,0.5,1
"Kevin Gausman",0.309388210641472,0.416880026850631,0.443613333333333,0.482415667635768,0.96901861013686
"Kevin Jepsen",0.340518905013762,0.429492014243597,0.482,0.5,1
"Kevin McCarthy",0.306037812928731,0.370623336443076,0.576267379679144,0.5,1
"Kevin McGowan",0.32443336784,0.40250547608,0.346,0.5,1
"Kevin Plawecki",0.330638293432,0.431739156292,0.357,0.5,1
"Kevin Quackenbush",0.336951036940673,0.410951043159425,0.419,0.5,1
"Kevin Shackelford",0.304801793592574,0.365547571321994,0.533176136363636,0.5,1
"Kevin Siegrist",0.3367410517264,0.4275576300368,0.358,0.5,1
"Keynan Middleton",0.306358438472091,0.416006089035205,0.366369085173502,0.5,1
"Kirby Yates",0.272698325003255,0.346563062952277,0.367886075949367,0.5,1
"Koda Glover",0.322791628384,0.394842493792,0.441,0.5,1
"Koji Uehara",0.288739284228,0.3902311664216,0.246,0.5,1
"Kris Medlen",0.335136982744731,0.418879476183417,0.471,0.496971545656161,0.999282240743411
"Kyle Barraclough",0.328169560237134,0.337567477860904,0.434404612159329,0.5,1
"Kyle Crick",0.311157572822945,0.369662028780211,0.369518151815181,0.5,1
"Kyle Crockett",0.342825945798459,0.402611220351457,0.437842105263158,0.5,1
"Kyle Freeland",0.309574140558603,0.38381030969822,0.509039473684211,0.518835972721621,0.991635686373757
"Kyle Gibson",0.315570438465742,0.392806478305345,0.487959283387622,0.515770496080932,0.956840455695663
"Kyle Hendricks",0.313402082942513,0.396894814443469,0.484185961713765,0.583032529819631,0.963809385108901
"Kyle Kendrick",0.33601318341,0.422416171328,0.447,0.499231852706656,1.00370961246757
"Kyle Lloyd",0.334576555192,0.418981377096,0.313,0.495458531834281,1.00421799755882
"Kyle Martin",0.3306190887692,0.4082357991,0.625,0.5,1
"Kyle McGrath",0.326722414476866,0.409947357731758,0.281064516129032,0.5,1
"Kyle Ryan",0.3401846177524,0.4221118677944,0.524,0.5,1
"Lance Lynn",0.338049188498398,0.396623628009906,0.465616064257028,0.521552071008557,0.988347816224111
"Lance McCullers",0.303677667183207,0.353922982385696,0.583673870333988,0.645064633863148,1.00636628871815
"Leonel Campos",0.322607384784,0.419761130816,0.389,0.5,1
"Leonys Martin",0.331484117756,0.41513185134,0.4,0.5,1
"Liam Hendriks",0.298140107153437,0.388125906479245,0.39672256097561,0.5,1
"Lisalverto Bonilla",0.3351490345872,0.4323401545024,0.43,0.48328240410716,1.05056367951744
"Logan Verrett",0.3239358529556,0.4031447646724,0.367,0.5,1
"Lou Trivino",0.283097661461956,0.330783465351749,0.496,0.5,1
"Louis Coleman",0.339464239425374,0.406069787297173,0.316,0.5,1
"Lucas Giolito",0.353138861236879,0.460836775360803,0.415881673881674,0.397102002568979,1.0353046881349
"Lucas Harrell",0.337954832952,0.4118177272784,0.435,0.5,1
"Lucas Sims",0.337657997040321,0.454474232647817,0.38828338762215,0.431997734975363,1.02387399724742
"Luis Avilan",0.312273465630609,0.382237371475636,0.463619937694704,0.5,1
"Luis Castillo",0.305113049060914,0.40513187661425,0.501278495887192,0.517889611928071,1.0089506334147
"Luis Cessa",0.327936619847403,0.412385788126269,0.46104979253112,0.556300671999287,1.01900073104961
"Luis Garcia",0.307663110955329,0.333671512370511,0.540603365384615,0.5,1
"Luis Perdomo",0.343610671198696,0.417752881000332,0.573632786885246,0.444591025384643,1.0167009927581
"Luis Santos",0.314963264650027,0.413675551397135,0.312746031746032,0.498217263155663,0.999402190277686
"Luis Sardinas",0.3307945311904,0.4117943028496,0.75,0.5,1
"Luis Severino",0.288774615581304,0.366957688763117,0.47546736684171,0.715848874964941,0.87234893987502
"Luiz Gohara",0.315933972887937,0.442574899835433,0.3144,0.450678200633713,1.01228132781905
"Luke Bard",0.333532974307789,0.406639180684522,0.313,0.5,1
"Luke Farrell",0.32477028833189,0.411179518951394,0.319287128712871,0.498126584420034,1.00767427501492
"Luke Gregerson",0.287012105700085,0.375368153113769,0.509440625,0.5,1
"Luke Jackson",0.338531285135384,0.436618889082258,0.423636363636364,0.5,1
"Luke Weaver",0.325235131030672,0.407574144404391,0.438566801619433,0.540133023810129,1.02160609903632
"Madison Bumgarner",0.303461808116911,0.441164093657777,0.421150916784203,0.540601941563629,0.925796284363066
"Marc Rzepczynski",0.329535530314602,0.364783526348143,0.665623711340206,0.5,1
"Marco Estrada",0.314329791400824,0.475297091074062,0.286499584372402,0.500807593548871,0.972069975806756
"Marco Gonzales",0.31468151193765,0.419321473462253,0.457665223665224,0.535279781535244,0.983047641901622
"Marcus Stroman",0.320074141156584,0.363504597508258,0.62070737913486,0.541634946186217,0.980580762246986
"Marcus Walden",0.326878826746748,0.410630085126222,0.585,0.5,1
"Mark Leiter",0.330273309427088,0.399027624742639,0.493779443254818,0.428268450719065,1.02549689118524
"Mark Melancon",0.322525575807723,0.410475560259321,0.506694444444444,0.5,1
"Mark Reynolds",NA,NA,1,0.5,1
"Martin Perez",0.342041127475349,0.450553556915767,0.477481086323957,0.428206541956388,1.01686536646621
"Masahiro Tanaka",0.279263310931473,0.378954336008126,0.484415329768271,0.660461040104333,0.962036036524929
"Mat Latos",0.333161589508,0.428101146588,0.44,0.485659338086527,1.00091437014536
"Matt Albers",0.302108035913291,0.345920959217621,0.494276836158192,0.5,1
"Matt Andriese",0.308299674072535,0.435712946297411,0.47373602484472,0.507804753022451,0.964597596725846
"Matt Barnes",0.2936626850359,0.3178573689286,0.516970711297071,0.5,1
"Matt Belisle",0.298551220772537,0.399836445336989,0.420369272237197,0.5,1
"Matt Bowman",0.314929919636736,0.385435477478955,0.527323033707865,0.5,1
"Matt Bush",0.306860351038749,0.416544185659506,0.39751724137931,0.5,1
"Matt Cain",0.3547454023,0.4740966234,0.425,0.407560674226081,1.0325941504916
"Matt Davidson",0.328345265641746,0.407933365374044,0.4,0.5,1
"Matt Dermody",0.324675049702,0.420083971536,0.342,0.5,1
"Matt Garza",0.3270144456,0.4568201283,0.4,0.453070687479163,1.08383065983182
"Matt Grace",0.314871552198239,0.377981963736472,0.577112600536193,0.499834563268091,0.999496345933825
"Matt Harvey",0.338548716657894,0.457311580432294,0.427010477299185,0.467760989282708,1.03355604180962
"Matt Koch",0.335795129149819,0.471132680018974,0.419829508196721,0.466916138274142,1.0462043297667
"Matt Magill",0.317397741596325,0.439049330688146,0.382,0.5,1
"Matt Moore",0.347765872459202,0.527568754863843,0.378550218340611,0.439433681753193,1.02150855427068
"Matt Shoemaker",0.309803744391586,0.443218803956287,0.388634285714286,0.488798250460441,0.981871918142303
"Matt Strahm",0.323487811343471,0.388964024168691,0.340148264984227,0.480437618118419,0.968655266476868
"Matt Wisler",0.336635515975556,0.521014427331179,0.307166037735849,0.470618702118573,1.0082413211917
"Matthew Boyd",0.329548121557286,0.447217208723976,0.361156015037594,0.438582550478989,0.935990343070339
"Matthew Festa",0.329673481293615,0.409410100840306,0.5,0.5,1
"Max Fried",0.341834280449196,0.385485399610143,0.579786026200873,0.467243781882098,0.995224325388579
"Max Povse",0.3363062553204,0.4269115966964,0.333,0.5,1
"Max Scherzer",0.258393562464463,0.359625200646436,0.362863436123348,0.675603130336458,0.871486540970323
"Merandy Gonzalez",0.337074367141345,0.428955852882536,0.345,0.5,1
"Michael Blazek",0.3237648435016,0.4281590013104,0.25,0.494840485694069,1.00386404555565
"Michael Brady",0.3177072397248,0.4696654700032,0.337,0.5,1
"Michael Feliz",0.327089384296315,0.462890122788116,0.306349127182045,0.5,1
"Michael Fulmer",0.315079119925052,0.426886112728205,0.477217088055798,0.474617501798408,0.941010591066483
"Michael Lorenzen",0.322497394314934,0.366788830500771,0.533045977011494,0.5,1
"Michael Martinez",0.3296769150816,0.412216105088,0.75,0.5,1
"Michael Pineda",0.2858582317,0.3721146167,0.509,0.59359336737404,0.983838817027386
"Michael Soroka",0.330895062089203,0.423831211509585,0.44,0.5,1
"Michael Tonkin",0.3243323476956,0.4153260314188,0.35,0.5,1
"Michael Wacha",0.326981658953864,0.401653336446973,0.463863636363636,0.54107702075467,1.00884182227972
"Michael Ynoa",0.3524832815616,0.446314206524,0.352,0.5,1
"Miguel Almonte",0.334158180167997,0.426251229116955,0.426470588235294,0.5,1
"Miguel Castro",0.333089409962781,0.379828811118971,0.49935447761194,0.497388267466517,1.0061443440107
"Miguel Diaz",0.345499371685925,0.446978357597072,0.4002,0.466938594242058,1.00896601660917
"Miguel Gonzalez",0.326671748823669,0.488201368032817,0.36376,0.42854809324541,1.01378235030921
"Miguel Montero",0.333261391824,0.41056960118,0.333,0.5,1
"Miguel Socolovich",0.33015308399709,0.448224083423118,0.3408125,0.5,1
"Mike Bolsinger",0.3355495073088,0.4238602953888,0.488,0.490488279508604,0.997316381135157
"Mike Clevinger",0.305737497390063,0.403474678200953,0.399171591992374,0.594006636150863,0.970287336481677
"Mike Dunn",0.322152980648973,0.402365958861094,0.338135313531353,0.5,1
"Mike Fiers",0.320729178589266,0.458387744483285,0.408198113207547,0.491635303028985,0.9604232986834
"Mike Foltynewicz",0.317659149245774,0.388218892744388,0.408120689655172,0.555155062596029,0.950074627537007
"Mike Freeman",0.3326881479576,0.4147454460272,0.167,0.5,1
"Mike Hauschild",0.3256509030816,0.419521810844,0.483,0.5,1
"Mike Leake",0.323290347431785,0.455782549849702,0.519086429112964,0.526639166443873,1.00798203692983
"Mike Mayers",0.328789354224179,0.463922906886111,0.379142857142857,0.5,1
"Mike Minor",0.310488667989837,0.495351756024344,0.376620599739244,0.515040078367881,0.985166885969401
"Mike Montgomery",0.323650140542495,0.379079504614914,0.559236842105263,0.548376360240047,1.02433879384146
"Mike Morin",0.319212423053097,0.413338996566627,0.450621621621622,0.5,1
"Mike Pelfrey",0.3487960976,0.4331333621,0.503,0.382239725079546,1.05450558418743
"Mike Soroka",NA,NA,NA,0.518300923468034,0.99433408372703
"Mike Wright",0.346582196168881,0.424087742925907,0.361866120218579,0.488834757805985,1.01093049835884
"Mike Zagurski",0.33250172154594,0.432901475166464,0.667,0.5,1
"Miles Mikolas",0.297634031276652,0.386768048937939,0.515,0.566091881538587,1.00565010380381
"Mitch Moreland",0.3282800054,0.4077072114,0.5,0.5,1
"Mychal Givens",0.316262042983093,0.387958898279999,0.402847426470588,0.5,1
"Myles Jaye",0.3532586765172,0.448645085012,0.491,0.490668704875129,1.00428928754604
"Nate Jones",0.333790158082851,0.389092746779074,0.433652173913044,0.5,1
"Nate Karns",0.2954021409424,0.3817436540688,0.496,0.476660164415142,0.965585692100166
"Nathan Eovaldi",0.263656609829743,0.41200553994822,0.467,0.50912140240216,0.933962455777563
"Neftali Feliz",0.3216887475568,0.4271632022464,0.326,0.5,1
"Neil Ramirez",0.31807366974726,0.399752255415089,0.326060377358491,0.5,1
"Nestor Cortes",0.333604047106826,0.415938881631604,0.474,0.5,1
"Nick Gardewine",0.33246281703009,0.403096736034401,0.377555555555556,0.5,1
"Nick Goody",0.298504438562149,0.380742217444683,0.282,0.5,1
"Nick Kingham",0.307521830618298,0.439793664904388,0.42,0.528882693768439,0.989300609327941
"Nick Martinez",0.3145844159,0.4592530406,0.416,0.428663443086468,1.0604178110113
"Nick Pivetta",0.303377189973181,0.392115432468295,0.441975143403442,0.52826154688752,0.968951716290096
"Nick Rumbelow",0.3265663291505,0.429294801015194,0.27,0.5,1
"Nick Tepesch",0.339165579136,0.445240123904,0.368,0.47504104648051,1.00395736744684
"Nick Tropeano",0.326975108794472,0.481453204829024,0.372,0.563875394976626,1.01030167466632
"Nick Vincent",0.291952944571362,0.431281949345454,0.300174563591022,0.5,1
"Nick Wittgren",0.330675506437042,0.478870987170779,0.380343859649123,0.5,1
"Nik Turley",0.3516097732312,0.4722151481832,0.431,0.487417602108809,1.02174840455916
"Noah Syndergaard",0.299246441797532,0.358224042884555,0.495707762557078,0.573384357446154,0.882734113188471
"Noe Ramirez",0.310269874422336,0.408783580131207,0.430092105263158,0.5,1
"Nori Aoki",0.3339029829624,0.4195309909688,0.25,0.5,1
"Odrisamer Despaigne",0.342032184254021,0.441576379381893,0.381539130434783,0.448819228008008,1.06283612536493
"Oliver Drake",0.320810169172625,0.416042417027088,0.464915789473684,0.5,1
"Oliver Perez",0.327329228418075,0.429498521081109,0.335841584158416,0.5,1
"Onelki Garcia",0.3321594217344,0.423600396736,0.56,0.5,1
"Pablo Lopez",0.313426945294047,0.413583122144738,0.547,0.458499090786545,0.981616983987086
"Pablo Sandoval",0.328923646034877,0.408449768436443,1,0.5,1
"Paolo Espino",0.3320804126296,0.4318241616376,0.384,0.489811458210637,1.00151724140071
"Parker Bridwell",0.325953602528365,0.445829670713518,0.383833333333333,0.543443997575269,1.05209354332875
"Pat Neshek",0.266066585850222,0.370708017444553,0.343595588235294,0.5,1
"Pat Venditte",0.335057722741683,0.417953851869986,0.333,0.5,1
"Patrick Corbin",0.289647395045821,0.367093996480205,0.499245614035088,0.556440367577888,0.895333378875313
"Paul Blackburn",0.339333144364373,0.405605378299821,0.533,0.470064435672764,1.0252410298682
"Paul Fry",0.32956359374079,0.379239334867816,0.6,0.5,1
"Paul Sewald",0.315852034868901,0.45537627749462,0.302680616740088,0.5,1
"Pedro Araujo",0.318497840398911,0.412263317697965,0.358,0.5,1
"Pedro Baez",0.313346827787849,0.43389983280597,0.34284686774942,0.5,1
"Pedro Beato",NA,NA,1,0.5,1
"Pedro Florimon",0.330804399074344,0.411463385003315,0.286,0.5,1
"Pedro Strop",0.29119510093292,0.340315596345621,0.530652482269504,0.5,1
"Peter Moylan",0.312887476100236,0.34719779698048,0.57666935483871,0.5,1
"Phil Hughes",0.344082039497765,0.53355238773447,0.299989583333333,0.465243711818975,1.04390549254122
"Phil Maton",0.310512976119324,0.392545252475791,0.433421052631579,0.5,1
"Pierce Johnson",0.330787756643387,0.437382394407024,0.382484076433121,0.5,1
"PJ Conlon",0.343040538648164,0.453444073013812,0.258,0.494315821048009,1.00384817415286
"Preston Claiborne",0.330327088768,0.42457804376,0.25,0.5,1
"Preston Guilmet",0.334253813253253,0.4645274141372,0.231,0.5,1
"RA Dickey",0.3230704999,0.4299648384,0.469,0.460604797915924,0.991458977819674
"Rafael Montero",0.3312963512,0.3899973597,0.481,0.406441229412106,1.00773720004164
"Raisel Iglesias",0.284840365191924,0.335094672328885,0.416725050916497,0.5,1
"Randall Delgado",0.304438300915623,0.400302605487469,0.451089655172414,0.492836859706101,1.03816460757677
"Randy Rosario",0.334661710591199,0.408303521569074,0.521530612244898,0.5,1
"Ranger Suarez",0.332092369553717,0.41603769203194,0.353,0.499258518090686,0.999634584284414
"Raul Alcantara",0.3333921615456,0.4292936683808,0.488,0.464906605625359,1.01060088168244
"Ray Black",0.321411601663747,0.390730634431833,0.2,0.5,1
"Rex Brothers",NA,NA,0.382710280373832,0.5,1
"Reyes Moronta",0.307753377136141,0.345098875773028,0.438410138248848,0.5,1
"Reymin Guduan",0.332235592585627,0.412608103143012,0.522055555555556,0.5,1
"Reynaldo Lopez",0.340188685441416,0.473076390630165,0.32571875,0.433431088973382,0.988016949613487
"Rhiner Cruz",0.330912137995951,0.412161660557304,0.444,0.5,1
"Ricardo Pinto",0.3386383631544,0.433743539372,0.44,0.5,1
"Ricardo Rodriguez",0.329985567812942,0.424168491802523,0.353593406593407,0.5,1
"Rich Hill",0.312428560939231,0.397243170078816,0.372127659574468,0.599236549354626,0.936259803566206
"Richard Bleier",0.291170716083563,0.360792789812574,0.653914572864322,0.5,1
"Richard Rodriguez",0.317105433255338,0.411285329754432,0.363950738916256,0.5,1
"Rick Porcello",0.308269075061202,0.408644047749349,0.414939917127072,0.586594234103893,0.977145028417029
"Ricky Nolasco",0.332454331,0.4775972586,0.401,0.537580353730894,1.0150668362173
"Rob Brantly",NA,NA,0.5,0.5,1
"Rob Scahill",0.33643683949,0.4181919891508,0.541,0.5,1
"Rob Whalen",0.340697629957846,0.424914503722063,0.419288888888889,0.498242859091512,1.00539535122637
"Rob Zastryzny",0.335028699859435,0.412020625225007,0.483454545454545,0.5,1
"Robbie Erlin",0.288095546750852,0.407858998676499,0.509,0.493576358025713,0.989254660886368
"Robbie Ray",0.301128224273311,0.373534342327303,0.3964,0.563600175350631,0.905916495850607
"Robbie Ross",0.343115520954,0.409597973744,0.464,0.5,1
"Robby Scott",0.317219915548086,0.398905054410697,0.411142857142857,0.5,1
"Robert Gsellman",0.331899585080142,0.418885882264739,0.500950310559006,0.403094115647231,0.952911873855724
"Robert Stephenson",0.3256055698,0.4389766336,0.375,0.45722451408061,1.0523964954457
"Robert Stock",0.328638720186463,0.398850389057048,0.484,0.5,1
"Roberto Gomez",0.325063732776631,0.443698368744728,0.436213333333333,0.5,1
"Roberto Osuna",0.274645754387718,0.336412771684257,0.462028846153846,0.5,1
"Roenis Elias",NA,NA,0.326657142857143,0.503969244051061,1.00343443680851
"Ronald Herrera",0.3324909511368,0.4075744901552,0.667,0.5,1
"Rookie Davis",0.3446793788136,0.4374758876492,0.429,0.459609800552867,1.02285686038364
"Ross Stripling",0.285384690444618,0.380698773041196,0.477259259259259,0.63380287750554,0.939195894122382
"Rubby de la Rosa",0.3201457205544,0.408211508812,0.353,0.5,1
"Ryan Borucki",0.324129439212534,0.434306336593523,0.455,0.465161343499164,0.991396715095853
"Ryan Brasier",0.322601154472233,0.401592855247522,0.481,0.5,1
"Ryan Buchter",0.298745250162901,0.408803470597999,0.308619565217391,0.5,1
"Ryan Carpenter",0.342272795182761,0.424930179117532,0.354,0.470808383652424,0.994025284816304
"Ryan Cook",0.326411155875662,0.40536822484176,0.591,0.5,1
"Ryan Dull",0.311004473703019,0.384988671927226,0.381846456692913,0.5,1
"Ryan Garton",0.32478009936,0.415316714792,0.418,0.5,1
"Ryan LaMarre",NA,NA,0.333,0.5,1
"Ryan Madson",0.28970129051094,0.339240892162084,0.507763636363636,0.5,1
"Ryan Meisinger",0.32343623160172,0.419452640863959,0.375,0.5,1
"Ryan Merritt",0.3357598284148,0.4104560218668,0.538,0.514041674058078,1.01074202579332
"Ryan Pressly",0.279650512151403,0.352490512532061,0.499538461538462,0.5,1
"Ryan Rua",0.328335526046897,0.408323167360458,0.5,0.5,1
"Ryan Sherriff",0.318995629602633,0.389499785734189,0.62548275862069,0.5,1
"Ryan Tepera",0.310198735584167,0.378235707628996,0.429967806841046,0.5,1
"Ryan Weber",0.327455226754583,0.423439057701003,0.515384615384615,0.50009305604895,0.997640182616431
"Ryan Yarbrough",0.32352866613106,0.43375451762991,0.387,0.484763551652108,0.969523115826295
"Ryne Stanek",0.312856451813231,0.407451904375054,0.353891050583658,0.517529216533884,0.932602682706689
"Sal Romano",0.330247096569892,0.447415567272833,0.474366245694604,0.482478734421489,1.02820427115513
"Sam Dyson",0.316609491001176,0.41896741999356,0.619943722943723,0.5,1
"Sam Freeman",0.311743372024854,0.321667999911697,0.564742388758782,0.5,1
"Sam Gaviglio",0.321480544257695,0.41451626491398,0.492035772357724,0.478126465837885,0.999093099463028
"Sam Howard",0.328573741463828,0.412865280479252,0.5,0.5,1
"Sam Moll",0.331363659136,0.427026535708,0.375,0.5,1
"Sam Tuivailala",0.315845761784946,0.391140891748407,0.484342857142857,0.5,1
"Sammy Solis",0.318749779926272,0.400516371776833,0.471032258064516,0.5,1
"Sandy Alcantara",0.330150769025486,0.405881219391392,0.3198,0.4975,1.0010314729101
"Sandy Baez",0.330103973093467,0.398050284105374,0.556,0.5,1
"Santiago Casilla",0.332901237286638,0.409982108484639,0.414841432225064,0.5,1
"Scooter Gennett",0.3327510314944,0.41344235962,0.6,0.5,1
"Scott Alexander",0.300054520055776,0.308847998067523,0.734373417721519,0.505759499470161,1.00212013049322
"Scott Barlow",0.321193574129043,0.405377052946545,0.383,0.5,1
"Scott Copeland",0.327807109946346,0.406366922796306,0.667,0.5,1
"Scott Feldman",0.3390186992,0.4251401438,0.428,0.471019435738904,1.01946196266515
"Scott Oberg",0.30839129622945,0.36890584074435,0.55836523929471,0.5,1
"Sean Doolittle",0.241580504771536,0.339016380819077,0.296544072948328,0.5,1
"Sean Gilmartin",0.33269828861,0.4135229504664,0.462,0.5,1
"Sean Manaea",0.303111375363345,0.422739569046792,0.444084074373484,0.53022617969569,0.973332429950184
"Sean Newcomb",0.315620143836442,0.381767194343729,0.448877378435518,0.531884241775955,0.947977979699048
"Seranthony Dominguez",0.304206701359271,0.330286287066349,0.557,0.5,1
"Sergio Romo",0.298027760077129,0.382096426444962,0.385066666666667,0.498208830613032,0.964811370532338
"Seth Frankoff",0.329997069852,0.410484866378,0.429,0.5,1
"Seth Lugo",0.314159828704307,0.397549147765641,0.433885333333333,0.460896871947187,0.979775091623178
"Seth Maness",0.335733283932,0.41814406229,0.513,0.5,1
"Seung Hwan Oh",0.291047223265481,0.410177665329427,0.283561555075594,0.5,1
"Shae Simmons",0.328358735484,0.412815254084,0.444,0.5,1
"Shane Bieber",0.313244784753391,0.449181994233421,0.453,0.574136507803016,1.02030224940589
"Shane Carle",0.319251150189673,0.408399832238502,0.431213043478261,0.5,1
"Shane Greene",0.319920121335776,0.397702908260955,0.457634819532909,0.5,1
"Shawn Armstrong",0.3199670551392,0.4031823562304,0.39,0.5,1
"Shawn Kelley",0.303145069502185,0.454435337762297,0.265,0.5,1
"Shelby Miller",0.335414791976288,0.409639412445616,0.461148571428571,0.501832473041183,1.0348070266143
"Shohei Ohtani",0.315824303790566,0.369192642665355,0.381,0.591824973986037,0.939506631615516
"Silvino Bracho",0.306089186319693,0.394377658316652,0.410346153846154,0.5,1
"Simon Castro",0.331551498336,0.4505498395124,0.327,0.5,1
"Sonny Gray",0.32775978341479,0.397792290119024,0.509648936170213,0.616150668162603,1.00105779287936
"Stefan Crichton",0.3485535145576,0.4472777760736,0.46,0.5,1
"Stephen Strasburg",0.289223728285498,0.380407532887959,0.456989543726236,0.630169263972124,0.898058194780707
"Steve Cishek",0.31223600147753,0.35445257653858,0.532657754010695,0.5,1
"Steven Brault",0.34776472293651,0.423371458243665,0.449314410480349,0.481464436756166,0.969924740043614
"Steven Matz",0.331754344085535,0.414299345793169,0.486724137931034,0.469344965255224,0.996871824431027
"Steven Okert",0.3267958562256,0.4355569142656,0.304,0.5,1
"Steven Wright",0.329033585941897,0.436171832061232,0.484193548387097,0.534567524205783,1.01487174967351
"Taijuan Walker",0.322705272490851,0.415848575685679,0.484156756756757,0.524423449575886,1.05865095697883
"Tanner Anderson",0.344293521353618,0.422226413680114,0.4,0.5,1
"Tanner Rainey",0.339882884526579,0.439955011531827,0.308,0.5,1
"Tanner Roark",0.326103192313924,0.409339296336258,0.459780337941628,0.557635968747356,1.01320821694806
"Tanner Scheppers",0.333523252992,0.417242283944,0.25,0.5,1
"Tanner Scott",0.323468387832628,0.40299886186982,0.4746875,0.5,1
"Taylor Cole",0.342615516074306,0.410295414016325,0.529622641509434,0.5,1
"Taylor Jungmann",0.3330692135976,0.4136869310576,0.667,0.5,1
"Taylor Motter",0.334517907977566,0.415012092765551,0,0.5,1
"Taylor Rogers",0.320604620534446,0.382838583270572,0.459737226277372,0.5,1
"Taylor Williams",0.331032279987508,0.390052859261974,0.373108374384236,0.5,1
"Tayron Guerrero",0.335251899236111,0.391811819750272,0.456,0.5,1
"Thyago Vieira",0.32778496726589,0.40733781950792,0.1875,0.5,1
"Tim Adleman",0.3263119754,0.4750309104,0.344,0.467840738265187,1.05710262112193
"Tim Collins",0.325543977882054,0.401503599670899,0.475,0.5,1
"Tim Hill",0.312860542401534,0.391967242096214,0.607,0.5,1
"Tim Mayza",0.315606145251427,0.406258115450451,0.372286624203822,0.5,1
"Tim Melville",0.333480269376,0.40927985198,0.375,0.500338567463291,1.01228644770728
"Tim Peterson",0.313162942536409,0.40127978622606,0.309,0.5,1
"TJ House",0.331383896296,0.411649652396,0.25,0.5,1
"TJ McFarland",0.320246521421856,0.377176310835344,0.666485537190083,0.497796798986021,1.00510484599324
"Tom Koehler",0.3530934092,0.4408061998,0.402,0.458759461644644,1.09528109291902
"Tom Wilhelmsen",0.3329475809084,0.4219123971268,0.494,0.5,1
"Tommy Hunter",0.282696079314791,0.382429067095874,0.475284263959391,0.5,1
"Tommy Kahnle",0.285705166418489,0.350882161207111,0.408466666666667,0.5,1
"Tommy La Stella",0.331107337848505,0.415998836220786,0.167,0.5,1
"Tommy Layne",0.3395803280244,0.4184489397776,0.467,0.5,1
"Tommy Milone",0.324056628486297,0.451595240076885,0.362514403292181,0.446630259397265,1.00010341495036
"Tony Barnette",0.309948559414959,0.431370327830896,0.441797752808989,0.5,1
"Tony Cingrani",0.297547862923055,0.386764722940087,0.44640074906367,0.5,1
"Tony Sipp",0.310403640178664,0.414245512386003,0.473602230483271,0.5,1
"Tony Watson",0.291214049252458,0.363799216701051,0.47064,0.5,1
"Tony Zych",0.3307191681968,0.3710439622084,0.495,0.5,1
"Travis Wood",0.3458450344,0.489246967,0.356,0.444853133215249,0.991442841541252
"Trevor Bauer",0.30045209469783,0.363154888225723,0.454142962417097,0.644752864902827,0.936531809779086
"Trevor Cahill",0.314787854478078,0.38431968266895,0.566723101265823,0.548818083433152,0.963469020960061
"Trevor Gott",0.344864816007853,0.421125744887943,0.545,0.5,1
"Trevor Hildenberger",0.291791729294286,0.39031883470902,0.529363636363636,0.5,1
"Trevor Oaks",0.333577418408525,0.447649082104388,0.426,0.480934947098331,0.996248633110935
"Trevor Richards",0.34378917331393,0.466739123099,0.387,0.414063523055847,0.985090875405879
"Trevor Rosenthal",0.3006868457096,0.308424104464,0.408,0.5,1
"Trevor Williams",0.329786601235962,0.437969541417047,0.45059620596206,0.531034083232863,0.968699627247874
"Troy Scribner",0.329346905917018,0.434067437587637,0.30795,0.492950140629098,1.0297514901526
"Ty Blach",0.343754625746325,0.435697018914757,0.499914757103575,0.481032494095467,1.04321241976148
"Tyler Anderson",0.290767350801611,0.383385966158805,0.409334090909091,0.537895585871457,0.961168202772159
"Tyler Bashlor",0.335857538699466,0.42269822873474,0.242,0.5,1
"Tyler Beede",0.337002830949168,0.414999844794506,0.455,0.497334216239971,0.987278054455408
"Tyler Chatwood",0.354471586842067,0.368406921264732,0.564588785046729,0.515363076960884,1.00792975298424
"Tyler Clippard",0.298085522301362,0.400355025208441,0.26773987206823,0.5,1
"Tyler Cloyd",0.343244216624173,0.454146761885381,0.288065934065934,0.5,1
"Tyler Danish",0.330990269135098,0.400229069605406,0.486625,0.490338407270879,1.00004686002997
"Tyler Duffey",0.302466582617378,0.393362852666394,0.480416666666667,0.5,1
"Tyler Glasnow",0.338340087593219,0.407085645803307,0.488759124087591,0.457049164056191,1.02621105220205
"Tyler Kinley",0.332389227608028,0.421232162672698,0.533,0.5,1
"Tyler Lyons",0.322054766453504,0.37954758897591,0.381745874587459,0.5,1
"Tyler Mahle",0.325946562280189,0.438812967726985,0.402606326889279,0.505445329960428,1.03198373674073
"Tyler Olson",0.314788510360237,0.370157784373397,0.46659748427673,0.5,1
"Tyler Pill",0.3449479097724,0.4285982262884,0.493,0.493721227871371,1.03299660600674
"Tyler Skaggs",0.30867616434416,0.406991937887914,0.446740196078431,0.548421788504005,0.983524893169874
"Tyler Thornburg",0.323397189307606,0.416063176466348,0.333,0.5,1
"Tyler Webb",0.335074631959992,0.409200942154796,0.445823529411765,0.5,1
"Tyler White",0.32837060858,0.41169680557,0.4,0.5,1
"Tyler Wilson",0.339583700924,0.43698429916,0.382,0.50000830564784,0.998374050952795
"Tyson Ross",0.344285374234526,0.437771481640023,0.444181208053691,0.459378034921451,0.996375797015847
"Ubaldo Jimenez",0.3344181271,0.4635830287,0.431,0.504037237554042,1.05001157275391
"Vance Worley",0.3635919871,0.5020262013,0.486,0.456730993204021,1.06272495050699
"Victor Alcantara",0.33195321397783,0.404057362087869,0.520057142857143,0.5,1
"Victor Arano",0.309092123352645,0.384302537752869,0.396159420289855,0.5,1
"Victor Caratini",0.33174109374631,0.412855295571795,0.375,0.5,1
"Vidal Nuno",0.322302738680772,0.445148624573208,0.328695906432749,0.5,1
"Vince Velasquez",0.312518202615761,0.401426498157797,0.402647058823529,0.518588385604791,0.940291492106241
"Wade Davis",0.294832577718575,0.337863147228913,0.421208530805687,0.5,1
"Wade LeBlanc",0.303934082201059,0.441247888218964,0.404842632331903,0.519220119126713,1.00502879675645
"Wade Miley",0.342796063997989,0.403085942211602,0.506924665856622,0.513222905652924,1.02793780802895
"Walker Buehler",0.314059072629163,0.390812999086283,0.514518518518519,0.624438346979721,0.925524036389735
"Walker Lockett",0.336197994305458,0.405322159744985,0.65,0.492812823852601,0.998990323309383
"Wander Suero",0.334950678330219,0.434672608757174,0.339,0.5,1
"Wandy Peralta",0.309877936301605,0.36494640213144,0.517826506024096,0.5,1
"Warwick Saupold",0.355238931392268,0.442072803799989,0.425228310502283,0.5,1
"Wei-Chung Wang",0.330647154846,0.4077570071768,0.429,0.5,1
"Wei-Yin Chen",0.32736510475764,0.477045802672517,0.366735470941884,0.422889021029887,0.968130230822412
"Will Harris",0.286136795311433,0.340030807485672,0.503348214285714,0.5,1
"Will Smith",0.283783331970587,0.366179691532524,0.429,0.5,1
"William Cuevas",NA,NA,0.384615384615385,0.5,1
"Willians Astudillo",0.333541613654598,0.425111962555991,0.125,0.5,1
"Wilmer Font",0.327298846047231,0.449204067745005,0.41503738317757,0.49089999294315,0.973630561145205
"Wily Peralta",0.343260781703577,0.464089731945987,0.451892307692308,0.460575851598541,0.968582411722472
"Xavier Cedeno",0.341664872606841,0.418541171471168,0.572710843373494,0.5,1
"Yacksel Rios",0.327126769933767,0.414472044689427,0.418345744680851,0.5,1
"Yefry Ramirez",0.3108464700045,0.385276436732489,0.411,0.439704117459403,1.05620779557123
"Yency Almonte",0.33190905843482,0.412566240554718,0.55,0.5,1
"Yimi Garcia",0.32746814855319,0.4357008190574,0.369,0.5,1
"Yohander Mendez",0.328508223971172,0.426725425432749,0.338698630136986,0.497843111863401,1.00067810192154
"Yonny Chirinos",0.337116325353739,0.427784653034107,0.444,0.511956462059042,0.973928718667161
"Yoshihisa Hirano",0.313007592254266,0.39542924129979,0.504,0.5,1
"Yovani Gallardo",0.344134108069727,0.45625908572056,0.446290407358739,0.463723443355005,1.08475751804031
"Yu Darvish",0.302860820672281,0.387007819156586,0.401101479915433,0.601486884157865,0.942021713345703
"Yusmeiro Petit",0.294971578602254,0.424709809452686,0.348521951219512,0.502523364043247,1.00073616279479
"Zac Curtis",0.333632658313668,0.401341995931418,0.4269,0.5,1
"Zac Reininger",0.332348171575453,0.43066425991404,0.380802469135802,0.5,1
"Zac Rosscup",0.322779058090962,0.408954627619535,0.296,0.5,1
"Zach Britton",0.321855940217138,0.346827411588769,0.707594017094017,0.5,1
"Zach Davies",0.341616591286436,0.425896048536343,0.497471698113208,0.515913457541349,1.01009194820532
"Zach Duke",0.32720879421411,0.375733664239208,0.564801587301587,0.5,1
"Zach Eflin",0.310663264457335,0.437354416304743,0.405266666666667,0.498834341065616,0.969090856020777
"Zach Lee",0.3339499677488,0.4187871816312,0.407,0.491291835549551,0.998001478089217
"Zach McAllister",0.31443547138897,0.427813428300799,0.378979020979021,0.5,1
"Zach Neal",0.324900298346595,0.431378271338783,0.392214285714286,0.5,1
"Zach Putnam",0.3163004282176,0.3986895441664,0.556,0.5,1
"Zack Godley",0.319600188831213,0.376804130787984,0.534334491746308,0.533373208098595,0.938767636223186
"Zack Greinke",0.290471390139085,0.401217384843026,0.448094885100074,0.570877173591443,0.880010670953677
"Zack Littell",0.341641038733936,0.431040009813405,0.375,0.498704550817086,0.988426713833582
"Zack Weiss",NA,NA,0,0.5,1
"Zack Wheeler",0.311988956446476,0.364196014192363,0.452838926174497,0.487742270962868,0.999639294657738
