"pitcher","totalPitcherStrikeoutRate","totalPitcherWalkRate","totalPitcherwOBA","throws","inningsPerStart","Rank","Factor"
112526,0.136557286891114,0.0528508450426742,0.378984514795244,"R",5.79583333333333,0.456621393365171,1.02576783070016
279571,0.198888540142716,0.0730094946135358,0.366383746393147,"R",5.4,0.5,1
282332,0.214387970432522,0.0721235373155947,0.351248462517337,"L",5.27586206896552,0.634792926165074,0.943094430085171
407822,0.205411294178794,0.0852195121875,0.366467897092014,"L",5.4,0.5,1
407845,0.241218182676764,0.0933812129505123,0.362188267229003,"R",5.4,0.5,1
408314,0.196226153846154,0.0875160108939802,0.367649105367793,"R",5.4,0.5,1
424144,0.28647082753296,0.0675790052613635,0.362444358330561,"L",5.4,0.5,1
425492,0.234589686794544,0.0698985916901384,0.364220189033943,"R",5.4,0.5,1
425772,0.215238095238095,0.0816063659722222,0.366540313459621,"R",5.4,0.5,1
425794,0.196497607477376,0.103872237888767,0.364145277633086,"R",5.0125,0.53257300377333,1.01695877942409
425844,0.233347206711431,0.0715270055100346,0.374661975670369,"R",6.27878787878788,0.611026219650486,0.900095198122849
429719,0.188562111444868,0.0915198103729044,0.367579655110063,"R",5.41176470588235,0.512410244389081,1.03217602189884
429722,0.171000764412417,0.0822067277575853,0.372983144188192,"R",5,0.478594591244487,0.99386160950888
430641,0.155845566808813,0.0851873334850432,0.366059597181146,"R",5.4,0.5,1
430935,0.215703307924955,0.0838810462357891,0.377131043440139,"L",5.94375,0.561279968836357,0.981754614082755
431145,0.212578333333333,0.0809008827683616,0.364404134908137,"R",5.4,0.5,1
433586,0.192734003105656,0.107289018224435,0.36088905346901,"R",5.4,0.5,1
433587,0.179452323262169,0.0770203890850453,0.372047687481167,"R",5.35714285714286,0.515561148984035,1.01982478450751
433589,0.203971076783336,0.0581620468465194,0.361415101415821,"R",5.4,0.502523364043247,1.00063721633313
434378,0.306290905646008,0.0575559359338142,0.356621964673569,"R",6.29411764705882,0.673109794690816,0.893583216826431
434538,0.193455077651253,0.116078490333923,0.369492552723121,"L",5.04615384615385,0.428541959099599,0.998836494798669
434628,0.167665329136074,0.0612629503895429,0.378353434626234,"R",5.67222222222222,0.410626393905972,0.980415140449184
434671,0.214962948956825,0.0893333176133102,0.357480550619389,"R",5.55,0.577170481078897,0.982599353572881
434778,0.207692307692308,0.0853032534916201,0.364731804586241,"R",5.4,0.5,1
435043,0.199926629218595,0.086315216445514,0.353889678341997,"L",5.4,0.5,1
435221,0.180381477027389,0.0664968601974385,0.371380245257563,"R",5.21333333333333,0.539002292098117,1.00323208276221
444468,0.267245751854066,0.0788006033205466,0.358613829737533,"R",5.4,0.5,1
445197,0.180839974028278,0.117728564814046,0.362172070980763,"L",5.4,0.5,1
445213,0.197305768834326,0.0743132040585331,0.366977234821719,"R",5.4,0.5,1
445276,0.265742476510552,0.0681258070152175,0.35571152735552,"R",5.4,0.5,1
445926,0.213225774568334,0.067378710186571,0.364572019659088,"R",5.4,0.475358931825231,0.999590164875234
446099,0.219163671182793,0.0862557682650667,0.358642026652174,"R",5,0.500305983605558,1.00057555292013
446321,0.197460526553332,0.0791278975158918,0.365288664965653,"L",5.4,0.5,1
446372,0.239353985746916,0.0575822178778454,0.363491997392847,"R",6.51515151515152,0.631976268650704,0.93283656622673
446399,0.168869394751737,0.091680222881191,0.367726102522523,"L",5.4,0.5,1
446899,0.184324478575483,0.0752661116088423,0.359460565376251,"R",5.4,0.5,1
448167,0.181352051108096,0.0867579712469394,0.366338062378168,"L",5.4,0.5,1
448178,0.174130570119065,0.0970338314371867,0.365980661832061,"R",5.4,0.5,1
448179,0.247043311611775,0.0748561697027034,0.370633310061681,"L",5.46666666666667,0.613485090391359,0.985881870778263
448281,0.291715230231413,0.0519749278757091,0.358693410866568,"L",5.4,0.5,1
448306,0.191154849414706,0.0906162568601745,0.369974438514357,"R",6.18181818181818,0.415761154201957,1.01670194497058
448609,0.247312496887264,0.084160225510594,0.361380245291846,"L",5.4,0.5,1
448614,0.219364364640884,0.0812306771023693,0.366466788704966,"R",5.4,0.5,1
448802,0.208150638424378,0.0991708782132688,0.367768577287449,"L",5,0.507997349172896,0.994547620567721
448855,0.189076662490013,0.088348023470435,0.363403798901411,"R",5.19230769230769,0.556979206229712,0.982672764483561
450172,0.197381655053058,0.0980639861242497,0.367533872611465,"R",5.4,0.500641272580559,1.01838028786732
450203,0.287462745824252,0.0879929537320996,0.356012809449966,"R",5.56666666666667,0.644432412088291,0.927781259892412
450212,0.199994624137715,0.0654966995614933,0.360928412094888,"R",5.4,0.5,1
450306,0.180026877023897,0.0787201078693302,0.370305422297127,"L",5,0.464286069952746,1.02666153661985
450665,0.19537246287899,0.0909863939346867,0.364647278220256,"R",5,0.496971545656161,1.00312534239327
450729,0.155318715699849,0.0752103137989483,0.368293866157025,"R",5.5,0.478412628012864,0.978231358453088
451584,0.265554291826172,0.104830062557338,0.355699924836643,"R",5.4,0.5,1
451596,0.151613977150669,0.100448417394911,0.369803611851278,"R",5.11111111111111,0.426496460729442,1.0359228235832
451661,0.212188189471392,0.0722362096171561,0.362915873478656,"R",5.4,0.5,1
452657,0.193987319057842,0.0968050624662539,0.38144136445986,"L",5.6625,0.561344130249742,0.97879232742831
453172,0.189260867327369,0.0796396630520575,0.355550737025663,"R",5.4,0.5,1
453178,0.203563053861379,0.0736312243583778,0.372378079972816,"R",5.41818181818182,0.423013859445642,0.9733300251885
453192,0.239818814481448,0.0890804823650538,0.361854096032347,"L",5.4,0.5,1
453214,0.225300516066212,0.0919950275293182,0.363406606759443,"R",6,0.534567524205783,1.02456412386651
453265,0.234723410131125,0.0519555946057264,0.363278550037089,"L",5.4,0.5,1
453281,0.17122931830652,0.0688511726277445,0.368470939634754,"L",5.48518518518518,0.5155015272938,0.992071279548737
453284,0.225371485758053,0.0854961228241842,0.370856750468941,"R",5.4,0.5,1
453286,0.345016778192868,0.0618469075956282,0.359868887267769,"R",6.67272727272727,0.633337403540438,0.924424532585161
453329,0.199066419374112,0.0654921328637742,0.361794486090859,"R",6.13125,0.557338638771907,0.995937624391952
453343,0.192668288871431,0.0776384581899519,0.368209166585127,"R",5.4,0.5,1
453344,0.236454209419703,0.0759119030258185,0.365482881851852,"R",5.4,0.5,1
453385,0.160426563671402,0.0897747418394085,0.373113844188446,"L",5.85925925925926,0.459610799237084,0.948424255515702
453562,0.175711382180297,0.0934156183795494,0.362216141298532,"R",5.55483870967742,0.543105156497674,1.00211902317519
455119,0.203349741381542,0.0562841016446967,0.368222061453867,"R",5.4,0.5,1
456034,0.256931104406183,0.0756030246121842,0.375634113741271,"L",5.86666666666667,0.637029105762017,0.988235525433266
456068,0.16541725476651,0.0814179085147629,0.369559535118483,"R",5,0.42854809324541,1.00721865850446
456124,0.20715935334873,0.0841427602319236,0.365061692147117,"R",5.4,0.5,1
456501,0.195257914397017,0.079615490537416,0.36594849481383,"R",5.88888888888889,0.523856619888847,0.939891682109468
456696,0.207127956646765,0.0743891914341141,0.360359181111046,"R",5.4,0.5,1
456701,0.201316022839124,0.0632151711363581,0.38142312094852,"R",5.305,0.444869949159167,1.04005076940009
456713,0.192205464052288,0.0839373493464052,0.364512635126286,"R",5.4,0.5,1
457429,0.234199609056205,0.0897645248800845,0.367387914922481,"L",5.4,0.5,1
457754,0.23274180430383,0.0896938155864461,0.367961316930791,"R",5.4,0.5,1
457915,0.20972666868039,0.0713205983477041,0.366102726776475,"R",5.4,0.5,1
457918,0.238622310481919,0.0782087936559569,0.370109752677432,"L",5.71612903225806,0.5,1
458006,0.221980342696256,0.0809356437689492,0.369041210480758,"R",5.4,0.5,1
458584,0.239791747488004,0.0914398872547332,0.36202426611418,"L",5.4,0.5,1
458677,0.264827593605457,0.0911761854351036,0.366046609621696,"L",5.4,0.5,1
458681,0.216087693177717,0.0951095780179378,0.359959061727333,"R",5.14137931034483,0.588691497281523,0.995188049442383
458690,0.15737886285493,0.0731063027932879,0.367517756276687,"R",5,0.482105695925789,1.0079351326011
458708,0.164228182488295,0.0593402915392124,0.378716335286001,"R",5,0.544612742568323,1.00017239661372
458924,0.203366735518797,0.087812531594589,0.362128886224661,"L",5,0.49923160699835,0.996098734114825
459429,0.22026842200212,0.0734946674515402,0.370061951379123,"L",5.4,0.5,1
460060,0.213080568720379,0.08565549035798,0.365199401794616,"R",5.4,0.5,1
460077,0.205339433962264,0.0917925540055249,0.365355800249252,"R",5.4,0.5,1
460269,0.207132767857143,0.0812186890168655,0.368565000494071,"R",5.4,0.5,1
460283,0.221791309165695,0.0974178864501477,0.362992996053812,"L",5,0.5,1
460576,0.205225653206651,0.0971747718446602,0.364655344655345,"R",5.4,0.5,1
461325,0.229243924970131,0.0849160231605268,0.361344987783595,"R",5,0.498356436353395,0.998883513207925
461829,0.182104694622373,0.106977715159275,0.363987247571819,"L",5.34375,0.609544720511604,1.01357816534505
461833,0.210205729468599,0.0723339842607455,0.381650417193141,"R",5,0.465243711818975,1.0588836331667
461865,0.186206896551724,0.0857951965482931,0.365084469526627,"R",5.4,0.5,1
461872,0.234349309753584,0.094300686141836,0.366858468274279,"R",5.4,0.5,1
462136,0.174441274015617,0.0870282696143213,0.360184077239612,"R",5.11428571428571,0.494354271977124,0.980544122395909
462382,0.17454322355941,0.0789702225428475,0.360550284798995,"R",5,0.5,1
462480,0.224219329451037,0.0832218705828127,0.364793586706349,"R",5.4,0.5,1
462515,0.201741603508772,0.0854187993817204,0.364364762130177,"R",5.4,0.5,1
465657,0.264447268995152,0.0671333589638704,0.362632663199831,"R",5.4,0.5,1
465753,0.208695652173913,0.0813243217787115,0.364034160767697,"R",5.4,0.5,1
467008,0.237692329814245,0.0736188333082552,0.364979484854722,"R",5.4,0.5,1
467055,0.211026666666667,0.0806712962376934,0.364349948105683,"R",5.4,0.5,1
467100,0.169267305239057,0.059506275090614,0.372301480286168,"R",5.55172413793103,0.478451826050677,1.00806622202187
468396,0.209699791183295,0.089493719855384,0.365376012749004,"R",5.4,0.5,1
468504,0.201823906853312,0.0940733726770593,0.36349235386409,"R",5.49142857142857,0.560388405100638,0.972389723082744
471911,0.282793840975296,0.0620840563930412,0.371610270335543,"R",6.20666666666667,0.662911497410576,0.963360675201062
472610,0.210405034981137,0.0821445891850302,0.364796622055812,"R",5.4,0.5,1
473879,0.211232921496823,0.0717169224417971,0.356229531809203,"R",5.4,0.5,1
474463,0.152905247959198,0.0684808671869088,0.361867583217845,"L",5,0.529273025479567,1.00195876260182
475054,0.24728670340782,0.0774456004535771,0.362682692607151,"R",5.4,0.5,1
475115,0.180568604601415,0.0992628574250465,0.368625965236827,"R",5.61304347826087,0.452142832836165,1.00024320085383
475857,0.249313012192207,0.0806913124831218,0.365984788302972,"R",5.4,0.5,1
476451,0.162386418444111,0.0658533440554842,0.36501655299709,"R",5,0.56096146233186,1.02841091787363
476454,0.359600854489393,0.0821794238806355,0.360281815311653,"R",5.4,0.5,1
476589,0.229311422121266,0.097461781656774,0.369428122414573,"R",5.4,0.5,1
476594,0.228092805415885,0.080659750294368,0.355483378873035,"R",5.4,0.5,1
477132,0.225002025725247,0.0585942979414164,0.358063053738258,"L",6.19615384615385,0.673202211244067,0.920468206104417
477569,0.194457253122429,0.0748566103308153,0.363356111208166,"R",5.4,0.5,1
487675,0.223417099236641,0.0810547976651935,0.364428510822723,"L",5.4,0.5,1
488671,0.209708737864078,0.0792011601123595,0.364113320079523,"R",5.4,0.5,1
488748,0.239101766416195,0.0828000310716624,0.363640543807935,"L",5.4,0.5,1
488768,0.150856757008778,0.0998938709882783,0.368937788263899,"R",5.46428571428571,0.410223991338003,0.982232895385388
488786,0.203461352857767,0.097318091026769,0.357612039336283,"R",5.4,0.5,1
488818,0.209288269230769,0.0808717723463687,0.364362549800797,"R",5.4,0.5,1
488846,0.161982400190729,0.102733932064841,0.361353671043165,"L",5.4,0.5,1
488984,0.192396957251463,0.0610708636032643,0.362551630814442,"R",5.4,0.5,1
489119,0.159794945236563,0.0805537199694157,0.356140162567792,"L",5.0125,0.538576435691708,1.0001853007332
489265,0.243474861146116,0.0827852302054316,0.359977015704281,"R",5,0.498208830613032,0.989889260160459
489334,0.254798011909442,0.063035617240789,0.358598642166987,"R",5.4,0.5,1
489446,0.324283511137993,0.071757786398805,0.363480620401535,"R",5.4,0.5,1
489448,0.210469803100126,0.0836399196185286,0.365857419483101,"L",5.4,0.5,1
491646,0.210034402917944,0.0822198454069333,0.36962092476296,"R",5.4,0.5,1
491696,0.205525971563981,0.0787180618322121,0.36471642775571,"R",5.4,0.5,1
493200,0.258291406142025,0.072045400025569,0.362267800657468,"R",5.4,0.5,1
493247,0.194308113471308,0.0955744339271839,0.364057420158287,"R",5.4,0.5,1
493603,0.315295944667585,0.0989655380103354,0.354553725168895,"R",5.4,0.5,1
500724,0.195472123507805,0.0943808309442729,0.366673491193738,"R",5,0.509028608063174,0.999881760676261
500779,0.231380870136405,0.09752478384666,0.366769200780234,"L",5.440625,0.569308938249061,0.971806003324905
500872,0.203736186868687,0.0923688199163169,0.36629526640625,"R",5.4,0.5,1
501381,0.233763432900433,0.0814537058558559,0.363302432767624,"R",5.4,0.59359336737404,0.976713416587876
501593,0.234318414857752,0.0939035229371488,0.360422731707749,"L",5.4,0.5,1
501625,0.229559272765141,0.0782630633756201,0.362498085807196,"L",5.4,0.5,1
501697,0.181152849364791,0.100978107755582,0.365152519066148,"R",5.4,0.5,1
501789,0.265310571663803,0.0762906550984564,0.364583184110679,"R",5.4,0.5,1
501817,0.231126066474439,0.0719029883365274,0.362864927824463,"R",5.4,0.5,1
501822,0.197107452516556,0.0955444920298407,0.364430272197107,"R",5.4,0.5,1
501925,0.243460705844302,0.0682062738955873,0.363074540937782,"R",5.4,0.5,1
501957,0.146548437780341,0.0991220270879339,0.372129301176471,"R",5,0.447134837804918,1.08071003363538
501985,0.20420184957179,0.0711419492304151,0.366811820705152,"L",5.60714285714286,0.496619555330619,0.965918666793483
501992,0.228007278094033,0.0886240337065481,0.363735913328999,"R",5.4,0.476660164415142,0.993852829469517
502004,0.174362149834582,0.0746483037681061,0.365084652167897,"R",5.4,0.5,1
502026,0.273770715403728,0.0770974659984956,0.360015212882653,"R",5.4,0.506035341306681,1.0035480147758
502028,0.220917563717273,0.0863533301722316,0.365554694819159,"R",5.4,0.5,1
502032,0.256921123921185,0.0764129955760605,0.363251787062937,"R",5.4,0.516574171407847,0.991922818895981
502042,0.270877565964846,0.0795426023711948,0.371470389821113,"R",5.48518518518518,0.547360087695728,0.931351133888036
502043,0.187333493060452,0.0958474715420142,0.36632441574552,"R",6.13125,0.517594690890516,0.958259183741239
502051,0.210779083461342,0.0822157129125038,0.363115193644489,"R",5.4,0.5,1
502083,0.209196659900195,0.0588010471337006,0.37099732372807,"R",5.4,0.5,1
502085,0.263343971410833,0.108618390723944,0.364063432763684,"R",5.4,0.5,1
502154,0.214670016372845,0.0972848821201251,0.359125035499951,"L",5.4,0.5,1
502171,0.170343137277378,0.0664320686275597,0.370090900152197,"R",5.43214285714286,0.430852307074937,0.973212070199619
502188,0.157949535980675,0.107579008685079,0.367079718282506,"R",5,0.486960447332868,0.990889643378842
502190,0.17834230587366,0.053147474231895,0.372830129795674,"R",5.9741935483871,0.523808554795973,0.990567804174758
502202,0.265678693516814,0.101421574422124,0.365380645112009,"R",5.4,0.5,1
502212,0.186390377178249,0.0779186379085112,0.36640325178106,"R",5.66666666666667,0.467128450137424,1.04199363357282
502239,0.214587252597485,0.079947551466045,0.36027926813787,"R",5.3,0.598871607557142,0.97750444368094
502327,0.213671579132272,0.104733541722014,0.364992518509804,"L",5,0.429570531182051,1.01498620755092
502381,0.222262307070707,0.0855948924183006,0.364372433911368,"R",5.4,0.5,1
502522,0.285146840818953,0.0744093663888155,0.363951883246707,"R",5.4,0.5,1
502593,0.205205455456459,0.0785837317876981,0.365003736800699,"R",5.4,0.5,1
502624,0.202591416465463,0.0860884698894561,0.371071596746138,"R",5.26666666666667,0.566813762127239,0.976636460055493
502706,0.236269245998297,0.094638328937153,0.37223975041047,"L",5.37333333333333,0.489317715613385,1.00147202934042
502748,0.283939393579306,0.080556200316015,0.365004366678306,"R",5,0.622299718350533,0.97172365264205
503285,0.25971634373785,0.0712562504530723,0.36251551969112,"R",5.4,0.5,1
503449,0.222950885824378,0.113359909651948,0.365060119678325,"R",5.4,0.460575851598541,0.988281327862941
504379,0.254581718952613,0.0663241737968592,0.363229917731771,"R",5.4,0.5,1
506433,0.225055590851604,0.108691468234289,0.366462096798964,"R",5,0.601486884157865,0.934536215535995
516472,0.2,0.0772875673497268,0.366056593879566,"R",5.4,0.5,1
516969,0.20954760652165,0.0629909200369646,0.360186652591517,"R",5.4,0.5,1
517008,0.252262229510939,0.0738500458247109,0.364216004324851,"R",5.4,0.5,1
517414,0.170302297212237,0.0846677672780271,0.362497488428158,"R",5.4,0.492836859706101,0.997702388429276
518397,0.222364132156763,0.0794380747225024,0.355573990818655,"L",5,0.505759499470161,1.00236760252631
518445,0.21575838023517,0.076494060104051,0.369119992015579,"L",5.4,0.456937331892102,1.00971348011006
518452,0.16923958839876,0.0905569024554343,0.367586278608397,"R",5.45,0.468897967217536,1.00228819165833
518489,0.238461439756085,0.0670274169321314,0.359645371414627,"R",5.4,0.5,1
518516,0.203901714527389,0.0733891048470574,0.367108768779922,"L",6.15238095238095,0.535472853898566,0.934922396086831
518553,0.26924045149489,0.0982018438371293,0.357538375389522,"R",5.4,0.5,1
518566,0.247855264918111,0.086781965445678,0.360939652826691,"R",5,0.499857374627423,1.002709637196
518614,0.19953397260274,0.0802687454832882,0.364117581008902,"R",5.4,0.5,1
518617,0.247715823297239,0.0940199421637423,0.364920054099205,"L",5.4,0.5,1
518633,0.204709906421438,0.0908200202483109,0.368367889589041,"L",5.53571428571429,0.422057685969743,0.939293419886343
518693,0.248202122373923,0.105610440156425,0.363351066547725,"L",5.4,0.5,1
518715,0.200641489352656,0.0974343481543203,0.365431541152579,"R",5.4,0.5,1
518748,0.181650245739209,0.0962160108313961,0.364555894301994,"R",5.4,0.5,1
518774,0.177840412194704,0.0687317604189046,0.374652759255065,"R",5.32142857142857,0.443503563725683,1.02177376140761
518813,0.230154994660572,0.102691456102156,0.360617466623505,"R",5.4,0.5,1
518858,0.233907174720436,0.0928326237136249,0.369093964340043,"R",5.4,0.5,1
518875,0.242993862907856,0.0645387774384071,0.358916929441708,"R",5.4,0.5,1
518876,0.199572552693208,0.0803635655890997,0.364349525192308,"R",5.4,0.5,1
518883,0.203596150234742,0.0788315100550964,0.364554508622398,"L",5.4,0.5,1
518886,0.330481233794064,0.103606895613654,0.364880524103943,"R",5.4,0.5,1
519008,0.153351145145174,0.0839489024594317,0.355793590367347,"L",5.4,0.5,1
519043,0.201786361314562,0.0736275133044203,0.373108788231087,"L",5,0.439433681753193,1.02922167650673
519096,0.191949069308289,0.0444284986792666,0.367086353574755,"R",5.4,0.5,1
519141,0.193887140172161,0.103111456533536,0.375596115347316,"L",5,0.560731744271429,0.992589670430608
519144,0.213437634978028,0.0761811887236547,0.369157488960005,"R",5.79090909090909,0.608843136675869,0.979234993612391
519151,0.311500822248955,0.0677941404268964,0.361555402829392,"R",5.4,0.5,1
519166,0.248798227810298,0.0821704283735308,0.369112967052758,"R",5.4,0.5,1
519240,0.211161668581886,0.0950539142979903,0.367054710251451,"L",5.4,0.5,1
519242,0.28791161324024,0.0677623578148536,0.361755448104575,"L",5.85185185185185,0.728402886773454,0.868719224066334
519293,0.309430589511014,0.0680093822413726,0.358471584058943,"L",5.4,0.5,1
519294,0.187746300026504,0.0966427577432364,0.36572523444227,"L",5.4,0.5,1
519295,0.211246943765281,0.0794323152327222,0.366529658905473,"R",5.4,0.5,1
519301,0.237799280633796,0.083348069215871,0.36717648229449,"L",5.4,0.5,1
519326,0.196606974134509,0.0898449725524946,0.36833883019715,"R",5.4,0.5,1
519381,0.202733797195254,0.0746323364461473,0.360846729298751,"S",5.4,0.5,1
519393,0.23104050187002,0.0785456476928951,0.365572513465251,"R",5.4,0.5,1
519443,0.245116642827926,0.0906963045256086,0.364151862270085,"R",5.4,0.5,1
519455,0.200753282620086,0.0522638549655461,0.36282306384739,"R",5.244,0.412709962562944,0.957768034564881
520980,0.255611851335282,0.0853254086187486,0.358303230796438,"R",5.4,0.5,1
521230,0.206578105290665,0.0828275776695875,0.362760454801999,"R",5,0.5,1
521655,0.20119146610406,0.0824246627029242,0.364093696555524,"R",5,0.49089999294315,0.986432320073947
523260,0.212768970988466,0.0855745082959589,0.363755581968621,"R",5.4,0.5,1
525768,0.212409295806919,0.0913169438920786,0.36379172257761,"L",5.4,0.5,1
527048,0.176205015218839,0.0826044390574952,0.367400240800068,"L",5,0.454636343424176,1.05641439961618
527054,0.257209642058831,0.105034672020944,0.367863169857036,"R",5.65161290322581,0.524953533060786,1.00153515936075
527055,0.253552736749194,0.0782103498692262,0.364960087512642,"R",5.4,0.5,1
532077,0.229029315491528,0.0557764602020509,0.363853160919732,"R",5.4,0.5,1
533167,0.269769195639943,0.0682728754484356,0.36968345418251,"R",5,0.488563667302195,0.95878241841499
534812,0.208808483246593,0.0830390694029697,0.368797215966797,"R",5.4,0.5,1
541640,0.18161012742195,0.0682053697237171,0.376775172628372,"R",5,0.502129237286789,1.03764993043022
541650,0.194446276203786,0.0829211298088043,0.364826552514793,"R",5.4,0.5,1
541652,0.232162192644907,0.110895343544953,0.365354383113119,"R",5.4,0.5,1
542289,0.189068620689655,0.0852431066753927,0.362952819743337,"R",5.4,0.5,1
542432,0.204003758786533,0.0936802592369478,0.364407485903733,"R",5.4,0.5,1
542881,0.204595413057721,0.0635602268315809,0.361492672701366,"L",5.5,0.537585454116927,0.928021251605338
542882,0.215826323823571,0.0783795117978164,0.370800728322723,"R",5,0.507804753022451,0.982787037037523
542888,0.223839205656687,0.0754571183528395,0.3644478696515,"R",5.4,0.5,1
542914,0.210166309317692,0.0749125531567082,0.366003889443378,"R",5.4,0.5,1
542924,0.184811992263056,0.093810670067702,0.366589205801377,"L",5.4,0.5,1
542946,0.21754397094431,0.0803375542776999,0.365625748502994,"L",5.4,0.5,1
542947,0.173890500090019,0.0563229862133351,0.363258405769231,"L",5.4,0.5,1
542960,0.198372571318093,0.0996747103786407,0.360118846428662,"R",5.4,0.5,1
543001,0.181419666975023,0.0713046935881478,0.371334065176909,"L",5,0.445402125758606,1.003192939456
543022,0.173604307095561,0.144241858898565,0.36777631363197,"R",5,0.513873076548517,1.01613859510945
543031,0.1868324136103,0.0898497141700719,0.365475109366131,"R",5.4,0.5,1
543037,0.337769459408918,0.0721783435084696,0.367160655408257,"R",6.253125,0.657394638671165,0.909183874959977
543045,0.234680595641586,0.082890777735945,0.364232030805217,"L",5.4,0.476480737495187,1.08263887184593
543056,0.24491202328934,0.0888315132578714,0.364004550473037,"L",5.4,0.5,1
543101,0.221712125971229,0.0784147128379393,0.367944986670603,"R",5.47619047619048,0.484846363398498,0.98842593241821
543118,0.221587734732744,0.0789355508344671,0.363525154014273,"R",5.4,0.5,1
543135,0.186594172358233,0.065739205168452,0.36578306215688,"R",5.1,0.600316035301186,0.972076402871564
543144,0.235645396825397,0.0741931510305615,0.364618089194499,"R",5.4,0.5,1
543169,0.168322232085942,0.0897233042388507,0.363777404328479,"L",5.4,0.5,1
543193,0.192087539441881,0.0862431799342105,0.365430475170068,"R",5,0.496628919860627,1.00316142207028
543208,0.213994435688994,0.0717094213511732,0.368557645229908,"R",5,0.471779813415615,0.997104969798287
543219,0.170141592013557,0.0886045215116388,0.365593564795918,"L",5.4,0.5,1
543243,0.179968498924115,0.0997108458371767,0.360723677496912,"R",5,0.612552424272704,0.993495480101916
543258,0.188600267859954,0.0776651595698935,0.371928731406551,"R",5.4,0.5,1
543272,0.313722633553328,0.0867091207017216,0.366884327780224,"L",5.4,0.5,1
543278,0.197581987339147,0.0703869677258979,0.354307107496133,"L",5.16923076923077,0.448415635701544,0.98657661211781
543294,0.182949143023079,0.0630201314015887,0.369326634289415,"R",6.03030303030303,0.612673989233673,0.962784977431986
543331,0.196671111111111,0.0864849262820513,0.365753658730159,"R",5.4,0.5,1
543339,0.227342700663333,0.0766158825920046,0.363636775735488,"R",5,0.503412625779265,1.00146052654078
543359,0.185798142825415,0.0849544052788692,0.363509792635983,"L",5,0.5,1
543391,0.180809764868603,0.0676996436950147,0.365127774489796,"R",5.03333333333333,0.499719605502604,0.999879081360137
543424,0.216000601211792,0.0781551427177615,0.368665403285024,"L",5,0.518353719810597,1.0143225538805
543475,0.191745259899588,0.0776440488906021,0.36296779714257,"R",5.875,0.457453143375788,0.973435228971043
543483,0.218208200738947,0.0894251986722703,0.372945463757524,"R",5.4,0.5,1
543506,0.21114425154778,0.104917908005861,0.366787364364135,"R",5.4,0.5,1
543507,0.251932453390781,0.0746665153017392,0.362869218632149,"R",5,0.49885597160802,0.997242906267536
543508,0.217064484429066,0.0858542642701525,0.364692718670577,"R",5.4,0.5,1
543521,0.32233709576164,0.0749500384089085,0.364280740129701,"R",5.4,0.540260992836132,0.986793199373226
543548,0.196669674867386,0.061326953163942,0.369375967465438,"L",5.525,0.483389767230941,1.04720222317386
543557,0.157292668546118,0.0749725211367814,0.371712648802743,"L",5.11578947368421,0.55148884723912,1.00344247695143
543606,0.269793986867102,0.0971405527041136,0.371847543201659,"R",5.128125,0.498213225761202,1.03465808305452
543699,0.198788882855896,0.0836498240793807,0.367257951974329,"R",6,0.551268332479169,1.03172082041748
543734,0.200830937709172,0.0888367207790823,0.362910333899043,"L",5.4,0.5,1
543746,0.210168639842301,0.0854050355233002,0.36331258125,"R",5.4,0.5,1
543766,0.212212986056691,0.0955673929665185,0.37446403278143,"R",5.4,0.5,1
543883,0.216215417048108,0.056059921857066,0.36044947419457,"R",5,0.50050058294478,1.00418112291535
543901,0.189375274261603,0.0793587913436692,0.362957609402547,"R",5.4,0.50009305604895,1.00086444569394
543903,0.214537422099575,0.0820042652400102,0.365154576041667,"R",5.4,0.5,1
543935,0.20735971293204,0.0797553699233964,0.362129863640692,"R",5.4,0.5,1
544365,0.214783657957245,0.0807602839112344,0.365499418848168,"L",5.4,0.5,1
544727,0.277501975711751,0.0812681434977718,0.359148321106912,"R",5.4,0.5,1
544836,0.199720382954696,0.0731373916869038,0.367316087463977,"L",5.4,0.5,1
544928,0.22707727655825,0.0795695425318768,0.36942583047619,"L",5.4,0.5,1
544931,0.272008339295978,0.072728369638202,0.371695958976573,"R",5.90909090909091,0.62986563618693,0.948955046369585
545332,0.215812775660811,0.0758596969988152,0.365409595280236,"R",5.4,0.5,1
545333,0.310359453776346,0.0909261483346958,0.352320560106005,"R",6.33703703703704,0.649771319398067,0.92968504027073
545363,0.184544368041912,0.0895179107363588,0.368668149219512,"R",5,0.483702733586404,1.01159003249887
547007,0.19608990990991,0.0817243279345129,0.365204811067194,"R",5.4,0.498242859091512,1.00539894106088
547179,0.156692983148871,0.0852583877431101,0.361588659376392,"R",5,0.5,1
547749,0.196285114229358,0.085013128237083,0.372215585648148,"R",5.4,0.5,1
547888,0.251754675522806,0.0579649958037424,0.365340263406475,"R",5.77777777777778,0.644237182396114,0.929253445634899
547943,0.246598188907275,0.0557294027425375,0.361493170752903,"L",5.47333333333333,0.587959630866528,0.97692595896231
547973,0.330005954871349,0.0982227449509192,0.359768731025715,"L",5.4,0.5,1
548357,0.18794466460898,0.0778183712966721,0.370425633014354,"R",5.55,0.469338114443677,1.0318728519961
548389,0.211461950765812,0.057644732132028,0.35741544894079,"R",5.05238095238095,0.631041030566664,0.967857017416153
552640,0.165554906650738,0.0821417560389455,0.366941467577413,"R",5,0.487935162462985,0.989098455234895
553878,0.273150211900882,0.0670734405360833,0.361252424409738,"L",5.4,0.5,1
553902,0.199383816091954,0.080380006462585,0.368198001587302,"R",5.4,0.5,1
554340,0.201473715238371,0.0762272742113174,0.372388396978112,"R",5.4,0.5,1
554430,0.221569211068577,0.0764418640945748,0.35641852323171,"R",6.27931034482759,0.46986026651006,0.949370568264107
570240,0.21490293368827,0.0774928898853331,0.364845700429329,"R",5.29411764705882,0.453232321126811,1.00639887407807
570632,0.161837636572866,0.0709907201911727,0.360761375825169,"R",5.61290322580645,0.415410257098989,0.991128685451528
570663,0.233754736105115,0.0915820366558778,0.367532698984579,"R",5.4,0.5,1
570666,0.23198857638337,0.0837523545362688,0.364222540380943,"R",5,0.566631241100666,1.00937270466616
570702,0.197437491163448,0.102874768707038,0.363962298869223,"R",5.4,0.5,1
571035,0.242912433115911,0.0927174925096892,0.365183878392685,"R",5,0.5,1
571473,0.204026905222437,0.0946361366301905,0.367312450393701,"L",5.4,0.5,1
571476,0.172521518533245,0.100274000380581,0.36608566350365,"R",5.4,0.5,1
571510,0.301717953971064,0.0823404057975186,0.356109278631827,"L",5.48709677419355,0.431647025873294,0.927532305996613
571561,0.288043857624941,0.0783127381364134,0.363769420596728,"L",5.4,0.5,1
571577,0.225039002375297,0.0788642167128988,0.365120632502492,"R",5.4,0.5,1
571578,0.265316554877508,0.0774788036179378,0.373083467066668,"L",6.06060606060606,0.594538114752459,0.89399998030128
571602,0.208422338648443,0.0831360305593144,0.364001050645482,"R",5.4,0.5,1
571656,0.208979890516272,0.104517269682029,0.356784529331871,"R",5,0.407757340485947,1.01582875015725
571666,0.174385412263364,0.0608163450287327,0.367556707407444,"R",5.60666666666667,0.52736886365106,0.992291611119945
571670,0.1962583342089,0.0725742079186353,0.353739651406106,"R",5.4,0.5,1
571704,0.272633063043688,0.0554024771088541,0.366080778438725,"R",5.4,0.5,1
571710,0.244162543493917,0.0826207216585753,0.355053299933056,"R",5.4,0.5,1
571735,0.190367490994189,0.0781650928493821,0.363900628053435,"R",5.4,0.5,1
571760,0.238130319010993,0.0654892625579362,0.36983807364418,"L",6,0.528638742678852,0.984179821625483
571771,0.208192771084337,0.0885812206293706,0.365908183632735,"R",5.4,0.5,1
571800,0.179088825002623,0.100096119779813,0.369081693250444,"R",5,0.471897902119377,1.01421285468301
571863,0.142520988062592,0.0701064669395993,0.387251939282378,"R",5.5,0.466916138274142,1.04719957720469
571871,0.219605893271462,0.0837443161031855,0.364437951840796,"L",5.4,0.5,1
571882,0.203137388888889,0.0923306239952655,0.361086286935639,"R",5.4,0.5,1
571893,0.211907083357443,0.088318538143643,0.364750489854369,"L",5.4,0.5,1
571901,0.242375531032981,0.0735217137568098,0.365447086589877,"L",5.4,0.5,1
571927,0.188401734395531,0.0747615502324573,0.363738015661104,"L",5.13333333333333,0.466935329245439,0.988698154035199
571945,0.15657895759944,0.047447889135607,0.357396123325451,"R",6.25625,0.580928395695541,0.98374968751495
571946,0.199140321920388,0.094321121413163,0.3748662532112,"R",5,0.501832473041183,1.0051691663241
571948,0.225104622157007,0.0869300553876672,0.366044704523107,"L",5.4,0.5,1
571951,0.128420093909616,0.103092807556292,0.367884141159773,"R",5.10909090909091,0.406570083689532,1.0313643400113
571974,0.194466278026906,0.0860064805630027,0.367405674740933,"R",5.4,0.5,1
572020,0.308319742163127,0.0608769199269566,0.370513900456162,"L",5.71785714285714,0.620307630148593,0.893859143889929
572021,0.207853494518915,0.0689139370663325,0.359885821441125,"L",5.4,0.5,1
572044,0.228651175500814,0.0691591343772611,0.369271771265461,"R",5.4,0.5,1
572070,0.257625309919525,0.0934774912513372,0.365354923141892,"R",5,0.610106177374588,0.961055651291954
572096,0.202004454756381,0.09212033017393,0.366730083769634,"R",5.4,0.5,1
572140,0.21431896181449,0.0798447937573878,0.365159802847242,"L",5.2125,0.532572654082119,0.986943402504467
572143,0.219593610628563,0.0919568200183619,0.372339915851671,"R",5,0.40979747564516,0.997405383020973
572193,0.241661514209095,0.0867342035671017,0.363233042635659,"R",5.4,0.5,1
572308,0.206585740670462,0.0790617823062558,0.368028862992126,"R",5.4,0.5,1
572362,0.188021601298267,0.0528575463297246,0.363544846660806,"L",5,0.4649615815844,0.950695659349028
572403,0.223910143752632,0.0744802013780545,0.356861063707572,"R",5,0.480040222212337,1.02280392055349
572703,0.209353111954503,0.084461160164333,0.36805743020683,"R",5.4,0.5,1
572750,0.14307880215771,0.0811128804117131,0.366491592521739,"R",5.4,0.5269399951429,1.02540320733406
572888,0.215492705123919,0.066442792569585,0.363530966283871,"R",5.4,0.5,1
572955,0.202326084575955,0.098756596626309,0.363429080133929,"R",5.4,0.5,1
572971,0.178877163787394,0.0770521753100268,0.346050532575292,"L",6.00588235294118,0.611971399220574,0.944487259030763
572998,0.215518238345786,0.0912871401845069,0.363694892026897,"R",5,0.503828424079118,1.00310058007413
573046,0.23370043980603,0.0770894194444444,0.366056454995054,"R",5.4,0.5,1
573064,0.219608756914459,0.0693038756742598,0.358259903035879,"L",5.4,0.5,1
573109,0.233133666516133,0.10529434891691,0.364910906160458,"R",5.4,0.5,1
573124,0.262918809445213,0.0662903075057008,0.360472620768837,"L",5.4,0.5,1
573127,0.273985435258622,0.0873756003245164,0.369978116678446,"L",5.4,0.5,1
573185,0.187033811571931,0.0920097258415164,0.37372534594697,"R",5.30869565217391,0.394820710604167,0.992829488118131
573186,0.200812114679616,0.0855356024329447,0.362840197770415,"R",5.37368421052632,0.520787449304265,0.949942647427022
573668,0.256379506145911,0.0999287330871126,0.358487269604316,"R",5.4,0.5,1
579328,0.218226894874673,0.0759014017629953,0.364550222393822,"L",5.4,0.5,1
580792,0.223990298769772,0.0777416400624692,0.370813411761859,"R",5.4,0.5,1
582494,0.210278793709592,0.0912161387648344,0.364380035225049,"L",5.4,0.5,1
584171,0.162726694867784,0.0711961414832319,0.359776264381988,"R",5,0.591417055818757,1.0028864464709
591672,0.212351024390244,0.0818344583501006,0.365028809580838,"R",5.4,0.5,1
591693,0.220130632234206,0.0803395970975219,0.358052577459233,"R",5.4,0.5,1
592094,0.244494183847095,0.0901544914056558,0.369772480312788,"R",5.4,0.5,1
592102,0.261879362074484,0.0981534068175211,0.363781457158036,"R",5.4,0.5,1
592127,0.18171986522911,0.0863607709870538,0.36485453827821,"R",5.4,0.5,1
592130,0.204150317271936,0.098001249926713,0.361511077941176,"R",5.4,0.5,1
592135,0.219794078427099,0.0904523503735989,0.368988837367352,"R",5.4,0.5,1
592145,0.235492429031023,0.0832467908535258,0.366606277904859,"L",5.4,0.5,1
592165,0.226519866730833,0.0770101599640626,0.364009906735751,"R",5.4,0.5,1
592169,0.193855863341859,0.0694081932376935,0.368460214631136,"R",5.4,0.5,1
592170,0.191476443317639,0.0793725130452171,0.368661517201166,"R",5,0.543443997575269,1.03707016055327
592222,0.156081839891941,0.058923330094277,0.358816651725355,"L",5,0.497567288056808,1.00374036171733
592229,0.166462979174204,0.084377414687913,0.361381626238308,"R",5.2,0.415396066317236,1.04051369595798
592238,0.213258176382661,0.0891153569808208,0.366357852882704,"R",5.4,0.5,1
592314,0.241391733143113,0.0923437889290489,0.355512830714286,"R",5.90322580645161,0.574782206774262,0.965068764669533
592332,0.199928701375831,0.0674098284581765,0.372039173444663,"R",5.90967741935484,0.518515622904699,0.959688840916043
592340,0.256104735593404,0.0919174399722827,0.358373492876838,"R",5.4,0.5,1
592351,0.263211695844933,0.0722727985790147,0.367750285909458,"R",5.55161290322581,0.580625676712617,0.911364429415836
592390,0.268342942922424,0.0886925400804485,0.364451693419657,"R",5.4,0.5,1
592407,0.212429906323185,0.0800390058459422,0.364351942005958,"R",5.4,0.5,1
592426,0.250302795502754,0.0873198436783814,0.365987377062666,"R",5.4,0.5,1
592454,0.254064127593665,0.106424611109908,0.367434749362969,"R",5.4,0.5,1
592468,0.201091950214131,0.0801575915742463,0.370623449261734,"R",5,0.507706093914709,1.01276695620785
592473,0.180553547030891,0.0594537203484447,0.357896814079422,"L",5.4,0.5,1
592499,0.193883923484266,0.0734753261768096,0.372358732533333,"R",5,0.453254997870247,0.999579970417534
592547,0.194977752730944,0.104116958064645,0.369001327692308,"R",5,0.497385746110985,1.03030208736771
592570,0.177611903580291,0.0906737090052576,0.366810487702574,"R",5.4,0.5,1
592612,0.197024078082721,0.086925069144334,0.365900242912247,"L",5.4,0.5,1
592644,0.186715678203955,0.0712539484268498,0.368528934502447,"R",5.66666666666667,0.53827569575496,1.06269694009239
592662,0.270244427663674,0.131652341494616,0.368268364038133,"L",5.13333333333333,0.56629837362518,0.945097453940956
592665,0.194690808110686,0.0701052390401845,0.370432791623932,"R",5.4,0.5,1
592705,0.209647530869548,0.0734174065000752,0.368813418980053,"R",5.4,0.5,1
592712,0.206379666666667,0.0992000258177869,0.361950101073171,"R",5,0.5,1
592716,0.190093726495607,0.080492501699878,0.367560684418476,"R",5.55,0.5,1
592717,0.21136540920964,0.0992198078430679,0.366699577508088,"R",5.25,0.503390008936267,0.997462740651737
592741,0.254287294672461,0.10226544099412,0.370644295657895,"L",5.4,0.5,1
592761,0.262346655661997,0.092361126562469,0.366653516546073,"L",5,0.472591954019397,0.927015824430197
592767,0.202348339025316,0.085113515593689,0.36621704383917,"L",5.4,0.5,1
592769,0.198346951395078,0.0863114722750213,0.36572446129666,"L",5.4,0.5,1
592773,0.284228317569362,0.0924960552237569,0.364596405528698,"R",5,0.503115336186672,0.949944430186282
592779,0.177211043781615,0.0809328236565752,0.366537093212411,"R",5,0.567987519020221,1.01648267195475
592789,0.237153181727021,0.068819922870413,0.349843915978699,"R",6.164,0.534711525315004,0.916823609522652
592791,0.207316481722409,0.0596557638935258,0.357773340208371,"R",5.96875,0.565925379666026,0.921247481311852
592804,0.218042237234524,0.0856872934234968,0.36640596547588,"R",5.4,0.5,1
592811,0.228976301850194,0.0938466511897258,0.371778374932856,"R",5,0.538435365474142,1.01777563849419
592815,0.196754724404965,0.0664742268327344,0.363490730789946,"R",5.4,0.5,1
592826,0.248842991429378,0.0877811387139207,0.3627815486517,"R",5,0.5284751962828,0.97122478337046
592833,0.223604598615205,0.0867910029982105,0.366697887118977,"R",5.4,0.5,1
592836,0.183848029377215,0.0849312631565823,0.367733783701923,"R",5,0.524423449575886,1.01504476520743
592858,0.21112825520111,0.071080627607362,0.364688993365854,"R",5.4,0.5,1
592865,0.239471734722209,0.0892544060415697,0.367298328864572,"R",5.4,0.5,1
592866,0.195313542523016,0.0728653907380248,0.356473476888244,"R",5.49032258064516,0.495429189718011,1.00473963917496
593140,0.217336003447756,0.0916425858730033,0.371595115655665,"R",5.4,0.5,1
593144,0.276208281190579,0.0722616576985013,0.361076964228628,"R",5.4,0.5,1
593334,0.273615422916366,0.0915077564451772,0.362084432545036,"R",5,0.613047350396757,1.0131902085762
593372,0.208629452419751,0.0904729028109986,0.356267673627224,"R",5.56111111111111,0.540760197605546,0.992576584183951
593423,0.184778585734964,0.0710537958483848,0.367087917389923,"R",5.74545454545455,0.503354814558169,1.03339098388982
593576,0.316506664860975,0.0803441633060714,0.372097315017608,"R",5.4,0.5,1
593833,0.227907365431673,0.0786419480187815,0.370077817032402,"R",5.4,0.5,1
593958,0.222799259001246,0.0883161444202811,0.366238201433538,"L",5.35217391304348,0.621600318307675,0.975030594030884
593974,0.161763119291674,0.0996957809607428,0.364869221738935,"L",5.4,0.5,1
594027,0.228274863111272,0.0919771639093744,0.365076516814263,"R",5.4,0.5,1
594056,0.231338858447489,0.0801004084397987,0.367017461729622,"L",5.4,0.5,1
594577,0.215217944813273,0.0810518196994945,0.366164733662807,"R",5.4,0.5,1
594742,0.207018594276094,0.0819917069672131,0.364570518136769,"R",5.4,0.486216957447503,1.03684208670587
594798,0.342950022478678,0.0600162397591074,0.356053840386788,"R",6.78125,0.59584185027027,0.849883580557909
594824,0.211541365853659,0.0812615105633803,0.364397186839482,"R",5.4,0.5,1
594835,0.181311269168757,0.0532639904482738,0.361535144123676,"L",5.73103448275862,0.53367195988061,0.992714386291695
594840,0.208751635075164,0.0635319043997204,0.356337745379445,"L",5.4,0.499834563268091,0.999112925619386
594902,0.183356967624773,0.0843709653887126,0.370645948719122,"R",5,0.447031846787797,0.991597430004578
594943,0.208192771084337,0.0792830835664336,0.364803996567164,"R",5.4,0.5,1
594965,0.214196268056569,0.089029743586294,0.364644900554529,"R",5,0.5,1
594987,0.19609913224261,0.0847703298634532,0.364435209282908,"R",5.4,0.5,1
594992,0.207523102410643,0.0785718914232271,0.365719059143969,"R",5.4,0.5,1
595014,0.296462779824058,0.0642309643664879,0.354366464231622,"R",5.4,0.5,1
595032,0.214309968253968,0.0838441832912458,0.365585494820717,"R",5.4,0.5,1
595191,0.216446997716895,0.0786310735094851,0.365472458730159,"R",5,0.411685447147335,0.993378969833317
595234,0.167408636363636,0.0805301450822208,0.363111540939922,"R",5.4,0.5,1
595345,0.226105504347988,0.0753828300922266,0.36229609076999,"L",5.4,0.5,1
595411,0.199815270848182,0.0813803891193997,0.364887998821218,"L",5.4,0.5,1
595465,0.249933597634095,0.082386596065561,0.36459573965368,"R",5.4,0.5,1
595881,0.209179061547837,0.0938050926800472,0.363015946771037,"R",5,0.497334216239971,0.995187484872855
595897,0.244605520340953,0.0854408166573078,0.366005714192333,"R",5.4,0.5,1
595918,0.255143485123691,0.0863352011901017,0.369998224469027,"R",5,0.5,1
595928,0.223431089494163,0.0833551046518869,0.366446327772326,"R",5.4,0.5,1
595939,0.207194244604317,0.0840109036262204,0.364979030366492,"R",5.4,0.5,1
596001,0.23294227983367,0.0689753269296244,0.368658017767897,"R",5.9,0.393323105368602,0.964219444317863
596027,0.225986695083315,0.094295944615122,0.366486830404738,"R",5.4,0.5,1
596043,0.165488229737437,0.0609168030001907,0.372712660626398,"R",5.64705882352941,0.524026688283806,0.983249855726018
596057,0.202287494266538,0.0887494883425797,0.370517287524705,"L",5,0.464314053299625,1.02327990461081
596071,0.179742783144763,0.100105575431125,0.365894063857678,"L",5,0.441469696946526,1.03329973676999
596074,0.23889607145979,0.0719069398029557,0.362723123549001,"L",5.4,0.5,1
596101,0.16491,0.0939435309430874,0.36402880886076,"R",5.4,0.5,1
596112,0.215995580916349,0.0825836935352605,0.366891951345325,"R",5,0.466100529206728,1.02969007265883
596133,0.182247603119609,0.0842266652713937,0.371888870529805,"R",5.164,0.552960479156458,1.0322742720709
596271,0.172777970171939,0.0850992709903751,0.366028353230337,"R",5.4,0.486039741795033,1.00919240450688
596295,0.201890515885117,0.0816616850469303,0.372847115772089,"L",5.18181818181818,0.512997388036334,1.02968483122362
596451,0.197423854875283,0.0865243740620041,0.365345016237624,"R",5.4,0.5,1
596720,0.218384828261482,0.0868285606466069,0.372066984827264,"R",5.4,0.5,1
596816,0.202907278464729,0.072739641391427,0.363078347910593,"R",5.4,0.5,1
597113,0.234460640920574,0.0827143758744523,0.366008564813589,"R",5.4,0.5,1
598264,0.329416270879636,0.0983027381947613,0.364217019882303,"R",5.4,0.5,1
598271,0.209051674384954,0.0855727593982097,0.367029221795667,"L",5,0.593648064797499,1.02693806170913
598287,0.261576258183552,0.0851118048867822,0.369313037071734,"R",5,0.500053666920393,1.00121947155892
599683,0.149791681494722,0.0905725420873138,0.370892097053571,"R",5.4,0.5,1
600301,0.21150512214342,0.0853509585782619,0.366109670987039,"R",5.4,0.5,1
600303,0.204556509433962,0.0802014834254144,0.365450283101392,"R",5.4,0.5,1
600917,0.298204898779211,0.0948558365908594,0.350640016445279,"R",5.4,0.5,1
600944,0.213926096596664,0.079565237430452,0.362000548279253,"R",5.4,0.543633382877976,1.02572719815083
600965,0.197648326446281,0.0739772093431122,0.367078905658537,"R",5.4,0.5,1
600968,0.183342386171328,0.0823660776039719,0.36641329418951,"L",5.4,0.5,1
600986,0.201901032548242,0.088121355243356,0.368777388809524,"R",5.4,0.5,1
601713,0.226316020043755,0.0710381789800962,0.367296550531033,"R",5.09375,0.55452278861831,0.947099091306287
602083,0.214308694673668,0.0839937635535558,0.365521018431373,"R",5.4,0.5,1
605121,0.244108582568125,0.124930994727411,0.356830249456306,"R",5.4,0.5,1
605130,0.2199012407748,0.076042495304303,0.367065193314104,"R",5.4,0.5,1
605135,0.196516337065581,0.0854608125462773,0.361209905184534,"R",5.17142857142857,0.51181539718823,1.01467580097096
605143,0.28156143092174,0.0911643647545636,0.363075874141221,"R",5.4,0.5,1
605151,0.227167182179322,0.0765923469176664,0.360465082080662,"R",5.4,0.5,1
605154,0.255277040056467,0.0779714481698992,0.362148047937419,"R",5.4,0.5,1
605155,0.220896748160421,0.100628489820837,0.365075567944637,"R",5.4,0.5,1
605156,0.225844973251302,0.0789581979243709,0.363804703863863,"R",5.4,0.5,1
605164,0.265732855567979,0.0861950298916893,0.374038448894941,"R",5.52258064516129,0.429822582634087,0.961758196882425
605170,0.2079903117506,0.0800474893654114,0.365054086991063,"R",5.4,0.5,1
605177,0.246644273109056,0.0994716422956221,0.364200520915851,"L",5.4,0.5,1
605182,0.293695070410928,0.0883158744351719,0.356673794070697,"R",6.25,0.619263743480356,0.95879993302067
605195,0.251771589651021,0.0788844748081746,0.357333400081645,"R",5.4,0.5,1
605200,0.187010135255158,0.096545183777808,0.364509815771687,"R",5.07692307692308,0.512635912548675,1.01191498093778
605204,0.216459559902201,0.0807006170662906,0.364770699401795,"R",5.4,0.5,1
605218,0.260920616760658,0.118638736627511,0.362670403742399,"R",5.4,0.5,1
605232,0.165212143459775,0.089999254566914,0.367029752808989,"L",5,0.442924167186942,1.01728278398592
605240,0.28489312162426,0.0898705985539894,0.363514191293791,"L",5,0.5,1
605242,0.196229103209987,0.0719177894298959,0.369398105299708,"R",5.50416666666667,0.461979889722581,0.926676483075338
605254,0.173060720163744,0.0786558738648504,0.367523193361582,"R",5,0.484512411650288,1.00644950868098
605255,0.177692021981136,0.0789307415222841,0.365185358265583,"R",5.4,0.5,1
605260,0.219460656934307,0.0867499262110452,0.364106554003906,"R",5.4,0.5,1
605276,0.204569661800191,0.0836115697470757,0.365206325703306,"R",5.26842105263158,0.404051519409879,1.01777386521664
605280,0.188870563792699,0.108405819932563,0.363403399438728,"R",5,0.491050108764547,1.01102269704955
605288,0.188723072044866,0.0886376339612024,0.362906039203455,"R",5.4,0.5,1
605301,0.216758559966324,0.0883995307167433,0.371822257197697,"L",5.4,0.5,1
605309,0.288897362677321,0.0820697621865916,0.364791699775545,"R",5.4,0.5,1
605347,0.196296554667475,0.0802535714185901,0.367524412683209,"R",5,0.449783708360279,0.997461443358863
605359,0.227786989815903,0.0865191140034522,0.36605388113392,"R",5.4,0.5,1
605388,0.226691363835244,0.077036829737955,0.361751102268486,"L",5.4,0.5,1
605397,0.199486009062133,0.0489609316666501,0.355970576928791,"R",6.0578947368421,0.521899234103535,0.948898968076073
605400,0.239589035703693,0.088711287493495,0.35310867695166,"R",6.42727272727273,0.584412691545799,0.890321190120125
605441,0.214900758940236,0.0837057264392735,0.365096106410256,"R",5.4,0.5,1
605446,0.172167172140355,0.0710008023414229,0.354933684756188,"R",5.89473684210526,0.502736895752678,0.986774094229045
605452,0.178059094863644,0.0786936327475246,0.363598971352657,"R",5.33333333333333,0.543003706818454,1.05326116022655
605476,0.239242063239308,0.0851302326683795,0.365760503671498,"R",5.4,0.5,1
605483,0.315136926865567,0.0857461269888691,0.363597439912175,"L",5.81290322580645,0.568314834409587,0.867492973783523
605486,0.198471304347826,0.0899975828201649,0.364621184126984,"R",5.4,0.5,1
605488,0.225579825339115,0.0951128527438179,0.365015903984261,"L",5,0.499512701405443,1.0007054791748
605498,0.18938208493391,0.0754247312300903,0.373285781427581,"L",5.52068965517241,0.519993940722291,0.964034415165802
605501,0.220760612680138,0.0888737159964689,0.365566115694404,"L",5.4,0.5,1
605513,0.237893684625495,0.0758310370365605,0.364678756140811,"R",5.03333333333333,0.5,1
605525,0.226181532740621,0.0741646772475742,0.360564354409127,"R",5.4,0.5,1
605538,0.193417816121351,0.0742194079100933,0.369570157866184,"R",5.7,0.470618702118573,1.0066778845591
605540,0.235140473865476,0.0861653386199893,0.36702006992897,"R",5,0.524902200507931,0.996337309713208
605541,0.200141327143588,0.0855716390132097,0.372238185199574,"R",5,0.488834757805985,1.00428135291208
606131,0.171618790818636,0.0893683938939905,0.365249334703802,"R",5,0.444591025384643,1.02807202130813
606149,0.216638864294814,0.0754369324211059,0.365095650679612,"R",5.4,0.5,1
606162,0.214325103767321,0.103860753001073,0.361776404177323,"R",5,0.411665652834357,1.0210130993095
606167,0.216306228446426,0.0843703614522278,0.360373808210465,"L",5,0.489456431631041,1.01339547780293
606273,0.180155906315706,0.0797398444409523,0.35914713443708,"L",5,0.504662669256727,1.00583935623196
606424,0.152817241428683,0.0892080000149746,0.376598647967824,"L",5,0.43496159479355,1.00416588175129
606478,0.222973897669363,0.100632748928904,0.366665107102804,"R",5.4,0.5,1
606625,0.294905390857316,0.106000888287115,0.357112133568996,"R",5.4,0.5,1
606930,0.215790496584141,0.0855625505611084,0.36453303053261,"R",5.4,0.5,1
606944,0.203378359846134,0.0990752728335736,0.370361361977186,"R",5.4,0.5,1
606965,0.247622899392439,0.0742571089981601,0.361105053482513,"R",5,0.5,1
606983,0.181571855701856,0.0935465734296462,0.363134949666031,"R",5.4,0.5,1
606995,0.213764993455828,0.0983232856351843,0.362634224684159,"R",5.4,0.5,1
607030,0.220777867109635,0.081059748630137,0.365447750049751,"L",5.4,0.5,1
607054,0.21091965448505,0.0805270616438356,0.367567074478649,"R",5.4,0.5,1
607074,0.225617553182492,0.0880377672676532,0.351742584457409,"L",6.01,0.479026515737566,0.99324572136984
607188,0.191781874626154,0.0970586596242168,0.367810279110169,"R",5,0.523507189178195,0.992979428015472
607192,0.258681981864066,0.089946835518782,0.365677644204104,"R",5.01818181818182,0.509595632114101,0.956258036436604
607200,0.196442591638044,0.100037940513364,0.370540775310835,"R",5,0.533767784829704,1.05187366223872
607215,0.18147012216761,0.0752833012422968,0.370908604575987,"L",5.23076923076923,0.451110601359542,1.04331867209171
607216,0.194339107142857,0.0855952828877005,0.363529955643564,"R",5.4,0.5,1
607219,0.156601064654374,0.0738763091126949,0.370590207678822,"R",5.244,0.486893928294026,1.00610364675719
607229,0.208535387518179,0.0674275228214393,0.358228486396235,"R",5.4,0.403094115647231,0.96656995806386
607231,0.187688407282394,0.105026068891011,0.358128076443344,"R",5.11052631578947,0.518779957041546,1.02419143853192
607237,0.270053113697002,0.0823113573850614,0.363442024997064,"L",5.4,0.460373979866651,1.05122596413848
607352,0.223512985127357,0.074183870739884,0.370990506852808,"R",5,0.495981953078686,0.989681598273158
607374,0.213180742689667,0.0913188273212982,0.371832823889803,"R",5.42857142857143,0.537426688624245,1.03129982195128
607387,0.219306013071895,0.0810021225988701,0.364733285828343,"R",5.4,0.5,1
607455,0.207144868804665,0.0754281526343308,0.364106226078619,"L",5,0.492056535961863,1.00495958230784
607457,0.217313326022354,0.0993387312747452,0.362440587277015,"R",5.4,0.5,1
607468,0.217594834543987,0.0809650057503506,0.365074013572854,"R",5.4,0.5,1
607473,0.186614500590053,0.075859912646645,0.368154172407893,"R",5.4,0.5,1
607481,0.232540949450549,0.0785419300323697,0.365567086858974,"L",5.4,0.5,1
607536,0.224611750488112,0.0931269927089244,0.355950521103918,"L",6.12424242424242,0.542135054104206,0.959564867626959
607560,0.213552147875544,0.0897675152115867,0.364145669291339,"R",5.4,0.5,1
607572,0.200653063006862,0.0798312769506219,0.363153806330366,"L",5.4,0.5,1
607625,0.220140209226271,0.0749024810335757,0.358068384885838,"R",5,0.460896871947187,0.991764513192391
607644,0.243395932305802,0.0824174067679103,0.368994919166889,"L",5.4,0.5,1
607755,0.210723240938166,0.0818623527923242,0.363888298613861,"L",5.4,0.5,1
607968,0.176862963636364,0.0717379193387052,0.360638271181818,"R",5.4,0.5,1
608032,0.222259025457438,0.0798174905622889,0.364865255497382,"R",5.4,0.5,1
608328,0.197162180557384,0.0853486040411554,0.363971061486486,"R",5,0.475444348090941,1.02942836648928
608331,0.233687725427216,0.100431956833366,0.365142126985419,"L",5,0.484482895138568,1.00638468743253
608334,0.188619384925073,0.107064167032125,0.374841914615385,"R",5,0.426457790963613,1.02683736491293
608337,0.205023052711411,0.0905194402681378,0.360789079469121,"R",5.409375,0.40990347194112,1.0332834184565
608349,0.312124364731757,0.094773438891671,0.368730293744334,"R",5.4,0.5,1
608371,0.207994271027841,0.0991111798964633,0.365191149425287,"R",5.4,0.431997734975363,1.02066012023653
608379,0.219980757927428,0.0955148694235285,0.368524560984541,"R",5.60666666666667,0.54107702075467,1.00559465339615
608566,0.2706571270722,0.0772743772878457,0.360499328933408,"R",5.93939393939394,0.566947990688734,0.925403013515217
608601,0.242751901525265,0.0880934842170831,0.368691575190114,"R",5,0.498217263155663,1.00140911604257
608638,0.243122484510921,0.0821078239936877,0.362293022969188,"R",5.4,0.5,1
608648,0.19660077395421,0.0699602471327367,0.371077280637708,"R",5,0.5,1
608652,0.230061838864341,0.088771276773382,0.369307765299539,"R",5,0.498126584420034,1.00585268774562
608654,0.208490288461538,0.0855956152234637,0.364645064805583,"R",5.4,0.5,1
608665,0.201113236600517,0.091734398683209,0.368754572511416,"R",5,0.495438286807573,1.02493891032423
608678,0.231421872969535,0.0763565529923907,0.364129735110256,"R",5.4,0.5,1
608716,0.250389477636054,0.0828423977710733,0.362570810499246,"R",5.4,0.5,1
608717,0.151555790666574,0.0872594080072614,0.376846641069319,"R",5.43076923076923,0.459570399848667,1.01078826158654
608718,0.202782855455891,0.0606192582394016,0.367197255760188,"L",5.23333333333333,0.533625102551796,0.960622860733367
608723,0.19518238470975,0.0869521676975506,0.362215527281553,"R",5,0.503566218559828,1.0067460984386
611093,0.247959310496267,0.0777880131025007,0.364476307731959,"R",5.4,0.5,1
612434,0.168028028343222,0.0988348311088729,0.365071613378271,"R",5,0.497388267466517,1.00108652070531
612672,0.177372122690964,0.0911455314223099,0.355754007038211,"L",5.11923076923077,0.414519679648546,0.958639093903885
613317,0.211707328903654,0.0915896042074364,0.364917543381389,"L",5.4,0.5,1
613534,0.205525971563981,0.0905066364265928,0.364892323030907,"R",5.4,0.5,1
614179,0.230437736625514,0.086566003953108,0.364628085523715,"R",5.4,0.5,1
620454,0.280678698127814,0.0816310976050347,0.359761113716404,"L",5.4,0.5,1
621002,0.21021897810219,0.0815162084212377,0.364833499501495,"R",5.4,0.5,1
621044,0.21476574774172,0.0885173997838475,0.365878549003984,"R",5.4,0.5,1
621052,0.193963798451608,0.0970566839431108,0.364836372228016,"R",5,0.502568398600197,0.996190772851113
621056,0.237574581033426,0.0844288298530124,0.362898217040359,"R",5,0.509410689679792,0.980576109579516
621098,0.208233314256859,0.0817918726214553,0.365839274529237,"R",5.4,0.5,1
621107,0.254143603709623,0.0700590396300048,0.362040986632455,"R",5.33333333333333,0.554790359000853,0.979502471817034
621111,0.21555835818146,0.06611519276603,0.358443593609444,"R",5.91739130434783,0.628125142267047,0.990092331653099
621112,0.194828463316905,0.0748064278325978,0.362908880891509,"R",5,0.470064435672764,1.06543601621107
621114,0.19379023772728,0.0900881780342918,0.367156265507364,"R",5.4,0.5,1
621121,0.252984370276876,0.0918210555383511,0.36256696586758,"R",5.72727272727273,0.5,1
621141,0.180798779375797,0.0945810089560039,0.367849088629876,"R",5,0.472624199152087,1.00603069697345
621142,0.267718144983915,0.0754280218355646,0.366850793069072,"R",5.4,0.5,1
621199,0.214861169207149,0.0811607561631618,0.366905183647502,"R",5.4,0.5,1
621219,0.253836104062072,0.0823173050503492,0.363758843410853,"R",5.1,0.512240642801556,1
621237,0.314812905275977,0.0832815564960082,0.358078215818255,"L",5.4,0.5,1
621242,0.37124423616964,0.073913111919158,0.360377758322887,"R",5.4,0.5,1
621244,0.253997368968419,0.0664815485824702,0.36453008227837,"R",6.003125,0.508231126210302,0.921146673624558
621249,0.209599385526316,0.0906086374193548,0.365993764122894,"R",5,0.5,1
621261,0.172173642634887,0.0714910008516682,0.367007227184874,"R",5,0.461672187456563,1.03206640827271
621289,0.250559782802488,0.10143723964837,0.361916164766355,"R",5,0.5,1
621295,0.214588327596256,0.0862080041130042,0.362716612844037,"R",5.4,0.5,1
621345,0.257022243761244,0.086694079472318,0.362519321734107,"L",5.4,0.5,1
621350,0.22731166552502,0.089093256554895,0.36365733635468,"L",5.4,0.5,1
621366,0.176252364247027,0.0776682955373767,0.360204333126455,"L",5.71764705882353,0.467489961769299,0.962042287360323
621381,0.241943141586912,0.0754328278113422,0.367411781804034,"L",5,0.480437618118419,0.978338166727378
621385,0.221211595693679,0.0838310877400303,0.364282497803896,"L",5.4,0.5,1
621389,0.159895325803009,0.0773744488285843,0.364613213372957,"L",5,0.4840785259721,1.03934230174518
621397,0.288947742616152,0.0860720569729103,0.363630703391545,"L",5.4,0.5,1
622072,0.205318032906194,0.0718540754314565,0.359938707697791,"L",5.48148148148148,0.628587052543277,0.964177017889614
622075,0.22860332421206,0.0797739646644448,0.364009449421965,"R",5.4,0.5,1
622092,0.221055252145115,0.0948781834107627,0.364826041994751,"R",5.4,0.5,1
622097,0.219916971194981,0.0931868440507217,0.364051635598456,"R",5.4,0.399619687744953,1.04199915411792
622098,0.183664815366137,0.066302801063488,0.364629878230981,"R",5.4,0.5,1
622161,0.195138693404785,0.0845574225964628,0.371382914069877,"R",5.4,0.5,1
622217,0.218360122490428,0.089734588972038,0.3685508765286,"L",5.4,0.495821903781434,1.0404527422859
622259,0.271389735980048,0.0904123205461212,0.367447481915115,"R",5.4,0.5,1
622382,0.19510392370692,0.0815218372691159,0.358328404882459,"L",5,0.500550475792328,1.00045607954398
622446,0.178855485020056,0.0976849874946887,0.36138362373473,"R",5,0.514589506131302,1.05431943377104
622491,0.271573886099583,0.0880519155060555,0.36915521508937,"R",5.45806451612903,0.486899193353148,0.988549454449252
622492,0.189043595814476,0.0982042675339367,0.368982836200194,"R",5.4,0.5,1
622505,0.20968699084528,0.0676420784926331,0.361181351643344,"R",5.4,0.5,1
622554,0.284160613999489,0.0860249939515215,0.358967682765038,"R",5.4,0.5,1
622608,0.178982068289991,0.0894186336212656,0.362179104523619,"R",5.61538461538461,0.515736728431852,0.989213895281162
622663,0.260401056090744,0.0617273464110541,0.371197467447386,"R",5.971875,0.689130324950493,0.899448085047316
622694,0.173545030743311,0.0865007582047462,0.364650745401338,"R",5,0.434105323302307,1.01417915094429
622766,0.284119475290133,0.0927401202533927,0.364695327079304,"R",5.4,0.466938594242058,1.0092964453274
622772,0.193392365091336,0.0852637185293279,0.362180186205273,"R",5.4,0.5,1
622774,0.19670570946421,0.0813558820000483,0.36238818157129,"L",5.4,0.5,1
622783,0.189446389361458,0.0948239765642023,0.364355105326296,"R",5.4,0.5,1
622795,0.185779308256704,0.0954722205556497,0.360331978947368,"L",5,0.495135747934474,1.00205570231122
622864,0.195733352479142,0.0787768214427339,0.363039831853117,"R",5.01818181818182,0.534731471261121,0.961320573709248
623149,0.208667922153122,0.0778619687625436,0.36341966283725,"R",5.4,0.5,1
623167,0.168814930797957,0.0895961192595654,0.367433912087379,"R",5,0.496776523264826,1.00136160009908
623184,0.220826678183721,0.0702336332424549,0.3634424061883,"R",5.4,0.5,1
623352,0.42594530484263,0.084266984592141,0.365828594096562,"L",5.4,0.5,1
623354,0.276393251684455,0.0788024006387882,0.364646877317554,"L",5.4,0.5,1
623364,0.223916814849017,0.0779138419701987,0.364677371541502,"L",5.4,0.5,1
623381,0.199974576865171,0.0791646519995968,0.358433260756821,"L",5.86666666666667,0.5051506867882,1.00155338214808
623402,0.2009998750571,0.0630726557717663,0.365629032229397,"R",5.4,0.5,1
623430,0.213797188806173,0.0801707071645677,0.365078668228679,"R",5.4,0.5,1
623433,0.265015750915751,0.0761461812335958,0.366360590849673,"R",5.4,0.5,1
623434,0.194277228464419,0.0906790109175817,0.368112779003906,"R",5,0.49964310787867,0.997745701096334
623451,0.207100443447249,0.07667909346173,0.37002464359319,"R",5.4,0.48739537885576,1.0149645304767
623454,0.198041975630659,0.0758412661904502,0.364187486776062,"R",5,0.495448256492419,1.00454274651193
623465,0.185371546500518,0.0984140679101514,0.365625890048077,"R",5,0.5,1
623470,0.213573944899395,0.0997198150332209,0.365490043521928,"R",5.4,0.5,1
624133,0.183901043693463,0.079192701048951,0.366583729519231,"L",5,0.497621966152104,1.00078806776875
624427,0.169297049653198,0.110013965797762,0.368398275231054,"L",5,0.48314688845021,0.999852156863297
624586,0.208992674698795,0.0855912975524475,0.364477609031936,"R",5.4,0.5,1
624636,0.211246943765281,0.0814622849083216,0.364508982035928,"R",5.4,0.5,1
625643,0.176109537988595,0.0903986326356794,0.366057468924326,"R",5.88125,0.445807949545085,1.0221351584067
627500,0.217131880733945,0.0780938624320652,0.367728587090367,"R",5,0.503504796783476,1
627894,0.229454551798175,0.0798344528910422,0.365186031064238,"L",5,0.450678200633713,1.01097886297939
628317,0.259168111670768,0.0805964251922732,0.368128847372364,"R",5.36,0.61013137724653,0.982117668248765
628318,0.215453011520294,0.0734608730116236,0.369928149766573,"R",5.4,0.5,1
628333,0.18336929373867,0.094057219910297,0.368092073841962,"R",5,0.450498770227163,1.02597684799467
628452,0.234645559254632,0.0808426681045357,0.367813517421882,"R",5.4,0.5,1
628711,0.25415763334955,0.0743501161315093,0.364772998040964,"L",5.4,0.552633908601707,1.01014427404405
629496,0.222565402160864,0.0776367915844526,0.364656085024155,"R",5.4,0.5,1
630023,0.222935525269398,0.0605943591392007,0.364961009838722,"R",5,0.511956462059042,0.997911576520425
635903,0.208192771084337,0.0804863458041958,0.365587294726368,"R",5.4,0.489339075138104,1.01061972798535
639373,0.200728933683903,0.0924501613434728,0.367816913274336,"R",5.4,0.5,1
640455,0.175195552570881,0.0514037369459737,0.365243274067797,"L",5.93333333333333,0.540687868559681,0.987238786709384
640463,0.206371289308176,0.0844998856963276,0.366278875739645,"R",5.4,0.484080119938169,1.00107134435794
640464,0.177126137852814,0.0968067978857378,0.359607594609164,"R",5,0.487332998069998,1.00963866646253
641149,0.207867208649246,0.0876372395752924,0.366402767023704,"R",5.4,0.5,1
641154,0.214206249440277,0.0601036512186897,0.363370319187959,"R",5.82,0.433116835097949,0.985578619321734
641341,0.200536365750556,0.0829045162413133,0.360701276884191,"R",5.4,0.5,1
641427,0.209021997497915,0.0914958368612796,0.372137134044527,"R",5.4,0.5,1
641438,0.185790118135091,0.0893015522575646,0.365801483532438,"R",5.4,0.5,1
641482,0.197313433476395,0.0832024353364777,0.366926761648569,"L",5.4,0.5,1
641490,0.220210249181713,0.0735845645499619,0.368273505421104,"L",5.4,0.5,1
641501,0.204334479021102,0.088830815075629,0.366083466405485,"R",5.4,0.490338407270879,0.999566796461548
641525,0.218244492753623,0.0810191148459384,0.364633100697906,"R",5.4,0.5,1
641541,0.216322923280423,0.0795285956284153,0.363469274151436,"R",5.4,0.5,1
641571,0.176819103458198,0.0863896664831108,0.360729793865277,"R",5.46153846153846,0.392506796786269,0.987760469315794
641598,0.209497487922705,0.0812026862745098,0.365352580179283,"R",5.4,0.5,1
641627,0.18920738856916,0.0950673255062569,0.366855960564631,"R",5.4,0.5,1
641656,0.204653768243362,0.078817609250997,0.363721629560976,"R",5.4,0.5,1
641712,0.197793503756938,0.09979758008087,0.361594892610477,"R",5.4,0.5,1
641729,0.285055576251084,0.0817054668765685,0.366421251530371,"R",5.4,0.5,1
641745,0.182131421603308,0.0884729693930325,0.346844430846254,"R",5.9,0.417229636228894,0.975735606009988
641755,0.228724033426218,0.0950911573302275,0.366887598406154,"R",5.4,0.5,1
641771,0.213933251636233,0.0963697916711735,0.379491641264559,"R",5.3125,0.492602330604277,1.00908658760065
641778,0.166037415699381,0.0805265090319557,0.36801559763846,"L",5,0.464723543485813,0.952007439524923
641793,0.172757511300154,0.088598660827461,0.365900524552309,"R",5,0.498704550817086,0.994147209473895
641816,0.203627913639501,0.0856347280217966,0.37250233805079,"R",5,0.502884549086003,1.01887186618917
641835,0.244311682590474,0.0925647735521251,0.36213196850605,"L",5.4,0.5,1
641838,0.163539712652498,0.071517034899293,0.359487975501147,"R",5.4,0.5,1
641851,0.221124228456914,0.0888976899854657,0.36607213320197,"R",5,0.5,1
641871,0.223424044377206,0.0857979214133828,0.365139898939248,"R",5.4,0.5,1
641941,0.242376467129782,0.0773898832745262,0.362449631417459,"R",5.4,0.5,1
641962,0.20823014072386,0.0787174426989062,0.365511464711632,"L",5.4,0.5,1
642003,0.204434936468445,0.0789761824542023,0.361126147349506,"L",5,0.474812601526196,1.00046695147296
642008,0.212795540175906,0.0664191110368238,0.362662612121212,"R",5.4,0.5,1
642028,0.17714747762855,0.084032764202088,0.366857413243762,"L",5,0.480829852434541,1.00226741122737
642073,0.213197065911768,0.0918394260759568,0.362553424372587,"R",5.4,0.5,1
642083,0.179420486577181,0.0716768962053572,0.36974242471374,"R",5,0.49366304069298,1.0103557928083
642098,0.183240551137446,0.0773434554615522,0.36163649298323,"R",5,0.475052808169512,1.00061381647783
642152,0.268748517698617,0.0794342762181159,0.360532033038725,"R",5,0.5,1
642231,0.181370150459391,0.0882360536895467,0.366194918240686,"R",5,0.457325253447671,1.01579231021773
642232,0.205132806974792,0.066749208338566,0.361165609769542,"L",5,0.480907937008779,0.969949340746745
642239,0.192545488333333,0.0880484422562057,0.364791434414946,"L",5.4,0.5,1
642528,0.262557418109557,0.0973390917735365,0.36786968288857,"R",5,0.557825244605527,0.991867201208005
642545,0.191347116846492,0.0822350957150372,0.366617161317054,"R",5,0.474348695047936,1.02884669898792
642547,0.270127451668123,0.0935209733788814,0.363590282375035,"R",5.22857142857143,0.572394116282926,0.979344559007835
642558,0.13083591032515,0.0745554403909912,0.368105950250209,"R",5.125,0.464580787057008,1.03802723055977
642571,0.193285402069475,0.0832893295202599,0.369742950418605,"R",5,0.486975531825408,1.00268430575806
642701,0.22281091599103,0.0810371795276245,0.366642806027668,"R",5.4,0.5,1
643230,0.19863004130379,0.118393313404121,0.366571748261874,"L",5.2,0.481464436756166,1.0045327251028
643256,0.210889561734882,0.0490507027642182,0.352788005146782,"R",5.4,0.5,1
643316,0.218976345495658,0.0941208283851077,0.363132231017801,"L",5.4,0.5,1
643320,0.208256260880696,0.0787764676692517,0.365251241310824,"R",5.4,0.5,1
643327,0.201054381915654,0.094473796565067,0.378233629431028,"R",5.534375,0.561441237680964,0.94769186799012
643338,0.268126998239181,0.0617930615951366,0.373910459284711,"R",5.4,0.506737476871081,1.00609913125685
643354,0.179519757590332,0.0877030937056242,0.366025287651445,"L",5.4,0.5,1
643410,0.203434618636127,0.0844716803044927,0.368953626827012,"R",5.4,0.5,1
643466,0.196684134138441,0.0936576738205704,0.362674722926894,"L",5.4,0.5,1
643493,0.174234836687997,0.0631866598227696,0.360309961646091,"R",5.4,0.500693412856742,1.00059347998545
643617,0.198984519649258,0.084836377408165,0.370545450565504,"R",5.4,0.5,1
643778,0.190436204345211,0.0825611905830001,0.366083391903409,"L",5.4,0.5,1
644364,0.24933839978846,0.0680655010741859,0.364307301944685,"R",5.4,0.5,1
644428,0.21309225952309,0.100277691982168,0.366112806987116,"R",5,0.492950140629098,1.01394347693201
645261,0.195702380944515,0.101825642514604,0.358053300412619,"R",5.66666666666667,0.4975,1.00255829416308
647336,0.190894715954984,0.0768357843013387,0.367005934726091,"R",5.04,0.518300923468034,1.00160263589279
650828,0.215208759582026,0.0595950627942872,0.365185012583612,"R",5.4,0.5,1
650895,0.256258010971864,0.0797921952101407,0.359884158698896,"R",5,0.51450643746929,0.984174317526806
656186,0.234641541616807,0.111950495536277,0.363717364898746,"R",5.4,0.5,1
656222,0.219054417310723,0.0876632947502741,0.361786969782621,"L",5,0.503309196872167,1.00047262984212
656257,0.179582619392185,0.103259435519387,0.36636486042065,"R",5,0.497867069527251,0.99954469340495
656354,0.23054548383158,0.0824668233119985,0.362489537591575,"L",5.4,0.5,1
656427,0.259011884094134,0.0906211412997269,0.363618519194158,"R",5.39285714285714,0.562376116284211,0.948052277145926
656546,0.189935301272534,0.0920787509756097,0.364092909320388,"R",5,0.496006626840336,1.00293306963603
656547,0.223438218609961,0.0648172608095563,0.357071596464322,"R",5,0.5,1
656629,0.216820007217611,0.068359735075394,0.371559713240918,"R",5,0.496540540599485,1.00372424166269
656725,0.200496227537326,0.0919161193775873,0.365255552303922,"R",5.4,0.5,1
656738,0.160606010398217,0.0946527417493378,0.365792915651359,"R",5.4,0.5,1
656756,0.209514966987131,0.0854480875043998,0.36156091692877,"L",5,0.580166011293287,0.965245339705943
656794,0.188427266068735,0.11173105546275,0.355952321896787,"L",5.43666666666667,0.564448756477327,1.00657290570196
656798,0.151886738687216,0.0732606482706523,0.376243276129318,"R",5,0.461351779214165,0.979846464036741
656803,0.197650288112523,0.0871579473201175,0.364163925168756,"R",5.4,0.5,1
656805,0.194839988746781,0.0796330566387346,0.369018946845124,"R",5,0.480934947098331,0.997350365635106
656814,0.189681888412017,0.0877725913511749,0.364308896945813,"R",5,0.5,1
656887,0.238732980575651,0.108799083462879,0.367066629459968,"R",5,0.499753224725383,1.00450433414562
656945,0.288244374357048,0.0917048851050239,0.367385681648936,"L",5.4,0.5,1
656954,0.202816901408451,0.0838490046044864,0.364127150695825,"L",5.4,0.5,1
656977,0.25691875174923,0.0841283536610304,0.368492984065405,"R",5.4,0.5,1
657053,0.213046184142527,0.110475050680335,0.363694995719661,"R",5.4,0.51094302404768,1.00263795579961
657117,0.217292206583015,0.085602914177262,0.369698755209348,"R",5.4,0.5,1
657140,0.215499789024406,0.109670455507513,0.365838026939682,"R",5.4,0.5,1
657205,0.216135881274147,0.115477265169742,0.363566307514451,"L",5.4,0.5,1
657209,0.214762810457516,0.0813558586354428,0.364002115049505,"R",5.4,0.5,1
657228,0.200589051036683,0.0854061403439153,0.365912268520358,"R",5.4,0.5,1
657571,0.253463330955053,0.0648009367186263,0.365636755093077,"L",5,0.519878147675256,1.01338944303878
657585,0.2288359350741,0.0802351501358696,0.366240126535948,"R",5.4,0.5,1
657610,0.230396357708535,0.0662963265858891,0.364693409958678,"R",5.4,0.5,1
657612,0.204048316928342,0.0814072037624548,0.358662577199112,"L",5.4,0.5,1
657624,0.30113472399675,0.079825165249092,0.364572253784763,"R",5.03333333333333,0.503096002819354,0.998224818549034
657681,0.211575948385862,0.0866304499368736,0.367707289762611,"L",5.4,0.5,1
657770,0.210168639842301,0.0836142466317105,0.366561055841584,"L",5.4,0.5,1
657786,0.209468503861004,0.0809065664347485,0.365285555418719,"L",5.4,0.5,1
658792,0.210584861660079,0.0799481093226023,0.366509480350195,"R",5,0.500622192011752,1.00331230953502
660271,0.276999781605802,0.0968434588303662,0.364747435166817,"R",5.12,0.593973747239494,0.948555746801452
660853,0.203278763584272,0.0877685774953839,0.363223432716049,"R",5.1,0.500930412408313,1.0119943529641
660875,0.198686135000638,0.084865434994542,0.363714618361303,"R",5.4,0.5,1
661255,0.22854237334832,0.0857098858103068,0.365217215658928,"R",5.4,0.5,1
663423,0.249926571826625,0.0784330935309503,0.363971245773732,"R",5.4,0.5,1
663432,0.200378632867946,0.111527928764672,0.36592520546875,"R",5.4,0.5,1
663465,0.165182723044397,0.0848856015746087,0.370868540019286,"L",5,0.496922230256657,0.997380990027147
663855,0.219967949472213,0.0970474198261197,0.353478486307985,"R",5.4,0.5,1
663978,0.234736324152542,0.0783070655931749,0.363717430429129,"R",5.4,0.5,1
664028,0.176727533767678,0.0882750865752464,0.368372306531739,"R",5,0.470306064566814,0.999306263425122
664157,0.213739858156028,0.0812032057399723,0.364616328861257,"L",5.4,0.5,1
664180,0.181662935046411,0.0818501128554989,0.364097226692456,"L",5.4,0.5,1
664192,0.250322802834845,0.0853049733843688,0.376165730841117,"L",5,0.465649473715396,0.924253878057678
664196,0.177851595235671,0.0844727370418089,0.363334596608527,"R",5.4,0.5,1
664208,0.234331516576766,0.0897625345672465,0.360967002761566,"R",5.4,0.5,1
664285,0.225187176480364,0.107531856744585,0.356036031251052,"L",5,0.506812422165312,0.998569822760695
664641,0.215154106488124,0.0876412825030609,0.365184919802956,"L",5,0.478886081133559,1.02142873988913
664682,0.22857101473849,0.0913781906966544,0.372296001092118,"R",5,0.5,1
664701,0.233126591808918,0.079429121672488,0.366698315501969,"R",5.4,0.5,1
664856,0.180140820413138,0.087279721002476,0.367488849267578,"R",5,0.49881990813229,0.997555246181016
664869,0.196806013862634,0.0815221606437985,0.366636494460641,"L",5,0.5,1
664871,0.216719301986309,0.0830130843542537,0.36556178007762,"R",5.4,0.5,1
669060,0.200609267684914,0.0916224060216284,0.369374826491471,"R",5,0.501791573213921,1.00098264989915
669203,0.271515801984311,0.070860149078293,0.372090460690295,"R",5.4,0.5,1
669456,0.23592614457277,0.0554570752043621,0.372637708173112,"R",5.78947368421053,0.613692967482214,0.996182624208471
670036,0.179241565758885,0.0828720788990256,0.364904159459741,"R",5,0.5,1
670950,0.236930321944538,0.0936506242009285,0.372300352199596,"R",5.044,0.452649764530444,0.984087204934099
672335,0.229511897252091,0.0956041924775707,0.364588152192982,"L",5.4,0.5,1
672773,0.21452463356974,0.0795889344744122,0.365489528795812,"R",5.4,0.5,1
673633,0.233400620009719,0.0858272545283192,0.365097116490502,"R",5.4,0.5,1
676606,0.208284919588525,0.0778573371727749,0.364128887111399,"L",5.4,0.5,1
